,dir,t,accuracies
0,a1112111a-neural-network-example-using-titanic-dataset,13.899517059326199,0.911
1,aabidkhursheed-titanic-day1,0.814243078231812,
2,aadishchopra-titanic-by-aadish,3.62716889381409,
3,aadishchopra-titanicaadish,2.69661903381348,
4,aaguilar13-titanic-challenge-a-smorgasbord-of-ml-models,14.099308967590302,
5,aaminnej-titanic-rf,0.9566280841827389,
6,abahl88-titanic-disaster-survival-analysis,1.8736641407012902,
7,abahl88-titanic-survival-analysis,0.0752561092376709,
8,abedben-exploring-survival-on-the-titanic,26.023470163345298,0.744
9,abedben-titanic-test,0.814640998840332,
10,abhayjindal-exploring-survival-on-the-titanic,25.7182919979095,0.744
11,abhinav15feb-huston-we-have-a-titanic,1.0274908542633099,
12,abhinavkapula-titanic-survival-prediction,1.15079402923584,
13,abhinavralhan-exploring-survival-on-the-titanic,24.251430034637497,0.744
14,abhirupalodh-titanic-survival-prediction-using-r,0.687328815460205,
15,abhisheek-titanic-v1-0,0.58716082572937,
16,abinavramesh-titanic-analysis-no-extra-features,5.47274899482727,
17,ablearcher-my-titanic,17.7939639091492,0.787
18,achristopherson-titanic-predictions,1.08285135030746,
19,acrespop-titanic1,1.7457590103149399,0.648
20,adambarnes-titanic-first-random-forest,1.96849679946899,0.77
21,adelmans-titanic-tutorial,0.21143102645873998,
22,adharshrajaram-titanic-hello-world,1.5149240493774399,
23,adistars-a-journey-through-titanic,0.191872119903564,
24,aditinandwana-an-titanic,0.59503698348999,
25,adktyakirloskar-titanicsubmmission,1.93016195297241,
26,adrian1acoran-fork-of-titanic-desastre-43370d-dfb6b4,0.197000026702881,
27,adrsok-titanic,1.34151911735535,
28,aeintngon-titanic-exploratory-analysis,12.7652201652527,0.751
29,aer503-svm-for-titanic,0.47280216217041,0.737
30,aer503-titanic-exploring-survival-and-random-forest-test,3.2499020099639906,0.751
31,agibilis-titanic-survival-prediction,2.1411030292511,
32,ahoerman-titanic,0.604533910751343,
33,aiuser-titanic-r-script-1,0.293461084365845,
34,ajisamudra-survivor-of-titanic-prediction,0.7167658805847171,
35,akash110-titanic-ml-from-diaster,53.10868406295779,
36,akramsayadi-exploring-survival-on-the-titanic,24.830050945282,0.744
37,alacerdan-a-journey-through-titanic,0.19692301750183103,
38,alaershov-titanic-r,0.610793113708496,
39,alamgirm-predicting-survival-on-titanic-dataset,3.16960501670837,0.734
40,alasdairc-titanic,0.26158499717712397,
41,albertogonzalez-titanic-ensemble-model,2.4009959697723398,
42,albyedw-titanic-competition,1.30928958654404,0.734
43,alcazar90-first-incursion-to-the-titanic-disaster-and-kaggle,1.23812913894653,
44,alediator-exploring-survival-on-the-titanic,0.6408951282501221,0.761
45,alejandrorivas-titanic-beginners-principiantes-espa-ol,54.89250493049621,0.744
46,alexalexi-playing-with-titanic-data,3.16002297401428,
47,alexandrakp-exploring-survival-on-the-titanic,24.9546051025391,0.744
48,alexandrarp-titanic-predictive-model-3-features-81-59,2.05637693405151,
49,alexgomes3-titanic-with-r-datacamp-tutorial,0.729453086853027,0.754
50,alexindata-titanic-kernel-1st-run-r-caret-random-forest,1.87315583229065,
51,alfonzo-exploring-survival-on-the-titanic,25.913869142532302,0.744
52,allanwbrooks-exploring-survival-on-the-titanic,25.4450800418854,0.751
53,allwin-my-first-decision-tree-titanic-preds,0.23367810249328602,
54,alma123-titanic,4.5197851657867405,0.737
55,aloff41-titanic,0.208092927932739,
56,aloktyagi1986-titanic-alok,0.67094612121582,
57,alosat-titanic-eda-ctree,1.3352799415588401,
58,alosat-titanic-eda-plus-solution,1.26496005058289,
59,alphoroz-titanic-survival,0.30346989631652804,
60,alwortman-titanic-test-script,1.98154592514038,0.754
61,amazzawi-titanic,1.19881892204285,
62,ambalika-titanic-survival-analysis,0.601934909820557,
63,amberthomas-predicting-survival-on-the-titanic,2.9247510433197004,
64,ambika04-titanic,0.39512801170349104,
65,ambika04-titanic4,0.39891481399536105,
66,ambikanair-exploring-survival-on-the-titanic,25.5769791603088,0.744
67,amit2312-titanic,0.457870960235596,
68,amitchauhan-machine-learning-titanic-1st,0.789212942123413,
69,amitjena05-titanic-data-analysis-in-r,0.0576319694519043,
70,ammara-titanic-competition-script-using-rf-2,3.6690070629119904,0.749
71,ammara-titanic-competition-using-boosting,3.2013139724731405,0.763
72,ammara-titanic-competition-using-xgboost,1.1888020038604699,
73,amodi8-titanic-exploring-survival-using-machine-learning,0.756253957748413,0.744
74,amoyakd-titanic-randomforrest-v1-2,58.2196931838989,
75,amrnasr-exploring-survival-on-the-titanic,0.7821509838104251,
76,amuthand-a-titanic-unpredicted-disaster-predicted,4.13554692268372,0.766
77,analyticsdojo-titanic-baseline-models-analyticsdojo-r,0.23537492752075198,0.648
78,anandpatil20-exploring-survival-on-the-titanic,0.7842590808868409,
79,ananthvikram-logistic-regression-dt-rf-nb-for-titanic,0.459546089172363,
80,andrecn-random-forest-caret-model-prediction-titanic,35.451544046402,0.756
81,andreistar-exploring-survival-on-the-titanic,0.19923114776611303,
82,andrewl67-titanic,1.8456339836120599,
83,andrewolney-titanic-predict-fare-lab-3,6.03361701965332,
84,andreykoceruba-titanic,0.606353998184204,
85,andybega-titanic,0.828729867935181,
86,andyxie-explore-titanic-survival-data,0.0364120006561279,
87,andyxie-titanic-data-cleaning-and-feature-engineering,0.757091999053955,
88,animatorumor-titanic-data-science-solutions,0.188755989074707,
89,anirbanshaw24-titanic-keras-r,0.219105958938599,
90,anirudhkunte-titanic,0.254072904586792,
91,anish91237-titanic-1st-attempt,0.20144891738891602,
92,anishmayaramka-the-titanic-datset,25.020864963531498,0.744
93,anishmayaramka-the-titanic-problem,26.8046338558197,0.744
94,ankurnepalia-predictingtitanicsurvivors,0.668752193450928,
95,annafreydenzon-titanic-machine-learning-from-disaster,23.6417210102081,0.756
96,annseb-titanic-as,0.332939863204956,
97,anonymous6-titanic,0.291014909744263,
98,antagomir-exploring-survival-on-the-titanic,0.782285928726196,
99,anthobau-random-forest-titanic,5.55764198303223,0.737
100,antonov-logistic-regression-for-titanic,0.560991048812866,0.766
101,anubrata-titanic,0.0433290004730225,
102,anuj10121997-titanic,0.6393678188323969,
103,anushriyapal-r-trial-titanic,0.30619120597839394,
104,anusiec-new-titanic,0.21793699264526398,
105,anusiec-titanic,0.298343896865845,
106,anweshaghosh-titanic-forkofmultiplescripts-r,24.704565048217802,0.763
107,apudlomurillo-titanic-r,0.285891056060791,
108,aquilarif-explore-titanic-r,1.6500148773193402,0.746
109,aravind5-kaggle-titanic,0.5097980499267579,0.751
110,aravind5-titanic,0.5045478343963621,0.751
111,archeryue-exploring-survival-on-the-titanic,25.4579820632935,0.744
112,archinul-titanic-logistic-regression,0.0370779037475586,
113,architdxb-titanic-3,0.209364891052246,
114,arcluke-exploring-survival-on-the-titanic,0.191771984100342,
115,areebaatif-titanic,1.34430408477783,0.756
116,arfinul-exploring-survival-on-the-titanicc,25.8398349285126,0.744
117,arjunmalhotra-titanic,0.688859939575195,0.732
118,arjunrampal-titanic-eda-rf,7.55278205871582,0.742
119,arjunrampal-titanic-exploratory-data-analysis,0.18493413925170898,
120,arjunsk1997-titanic-ml,0.81805682182312,
121,arpitr-titanic-survival,2.03692698478699,0.751
122,artcds-titanic-crisansou-tutorial,1.2031895160675,0.737
123,artemqua-titanic1,0.542799949645996,
124,artsyanka-kernel1-titanic-r,0.717785120010376,0.701
125,arunkhattri-titanic-logistic-regression,3.50102114677429,
126,arunkumarramanan-data-science-in-r-and-titanic-survival-prediction,24.873031854629502,0.744
127,arunnethi-titanic-1,0.6888267993926999,
128,arupkamal-titanic,0.287028074264526,
129,aschakra-fork-of-titanic-survival-prediction,1.05210113525391,
130,aschakra-titanic-survival-prediction,0.741865873336792,
131,asharamu-predicting-titanic-survivors,0.18890213966369604,
132,ashish42-lets-start-with-titanic,0.280513048171997,
133,ashishpal2702-titanic-eda-prediction,5.153943061828611,
134,ashleyshi-titanic-machine-learning-with-python,0.205910921096802,
135,ashokvb-exploring-survival-on-the-titanic,0.182603120803833,
136,ashutoshds-titanic-rf-prediction-0-81818,2.8835189342498797,0.763
137,ashwathranjol-titanic,0.288512945175171,
138,asterias99-titanic-machine-learning-from-disaster,2.3110511302948,
139,atharkharal-titanic-in-machine-learning,3.5049490928649902,
140,athi94-a-beginner-s-stab-at-titanic,10.744343996048,0.754
141,atlasmodeled-xgboost-titanic,2.3453390598297097,
142,atuljjoshi05-titanic-random-forest,25.115578174591104,0.756
143,aturner-exploring-survival-on-the-titanic,24.9922440052032,0.744
144,austinedsouza-titanic-allfemalessurvive,0.933344841003418,
145,austinharrison-practicing-r-with-titanic-dataset,0.698015928268433,
146,avikpaul4u-titanic-machine-learning-in-r,2.92051005363464,0.577
147,axaimdc-04-titanic-step-by-step,0.19040918350219702,
148,axaimdc-titanic-getting-started,0.18658804893493697,
149,azmanvai-titanic-prediction,1.6999931335449199,
150,baky0905-titanic-competition,1.88289213180542,
151,balaanand-predicting-survival-on-the-titanic,2.71958589553833,
152,balakesavan-titanicbalakesavan20160921,1.6765100955963101,0.77
153,ballsten-first-crack-at-titanic-dataset,1.22201180458069,
154,baogorek-titanic-logistic-regression,5.067571115493769,
155,basjacob17-titanic-intro-data-analysis-prediction,4.00181889533997,
156,bastienhaller-titanic-dataset-caret,0.7434310913085941,
157,bastortz-titanic1,1.00477695465088,
158,baukjestienstra-my-r-titanic,1.61891579627991,
159,baukjestienstra-rtitanic,0.7463350296020509,
160,bdcallen-titanic-knn-r,0.7097070217132572,0.763
161,behindthelines-survival-on-the-titanic-with-decision-trees,1.5393991470336899,0.763
162,behrica-predict-titanic-survivers,2.19797205924988,
163,beiqiwang-predictive-analysis-of-survival-rate-on-titanic,2.96317195892334,0.758
164,benybrahim-best-titanic-benchmark,55.4761829376221,0.754
165,beovulfo-titanic-work-for-beginners,5.64487814903259,0.775
166,besttinaes-titanicjuly2016,1.84207797050476,
167,beyzanurr-a-journey-through-titanic,0.22891807556152302,
168,bgrich-first-pass-at-titanic-data-set,0.243765115737915,
169,bgrich-titanic-eda-using-xray-package,1.30386018753052,
170,bgvijay-titanic-1,0.0637898445129395,
171,bharaniakella-exploring-survival-on-the-titanic,0.23067808151245103,
172,bharathyeddula-titanic,0.9984588623046879,
173,bhavneetsi-exploring-survival-on-the-titanic,0.231902122497559,
174,bhavyas-titanicbh,0.508731126785278,
175,bhuntgeb-titanic-competition-2,1.8982250690460198,
176,bienvenu-titanic-survivor-rf-r,0.782195091247559,
177,bijay81-titanic,0.33344388008117704,
178,binilkuriachan-titanic-random-forest,27.8698539733887,0.756
179,biohazzzard-titanic-with-tidyverse-and-caret,32.5586140155792,0.751
180,birger-titanic-competition,6.715190887451169,
181,birger-titanic-competition-score-0-8134,6.3418710231781,0.761
182,birudvora-test-titanic,30.192813873291,0.744
183,bisaria-titanic-lasso-ridge-implementation,6.512499809265139,
184,blastchar-titanic-machine-learning-try-to-improve,5.07078771591187,
185,blastchar-titanic-machine-learning-try-to-improve-v2,2.29505586624146,
186,blastchar-titanic-the-machine-learning-fix-some-mistakes,1.8778929710388201,
187,blastchar-titanic-the-machine-learning-h2o-ensemble,2.56435918807983,
188,blastchar-titanic-the-machine-learning-improve-data-1,20.6471128463745,
189,blastchar-titanic-the-machine-learning-improve-data-2,1.90321493148804,
190,blastchar-titanic-the-machine-learning-try-pass-80,1.87586784362793,
191,blastchar-titanic-the-machine-learning-version-noob,18.2175660133362,
192,blines-titanictest,0.545750856399536,
193,blubeck7-titanic-competition,1.0335168838501,
194,bluemachine-predicting-chances-of-survival-on-the-titanic,2.34023404121399,0.548
195,bluephoenix-titanic-is-sinking-bagimputed-gbm,6.31711483001709,
196,bluewizard-solving-for-titanic-survival,2.41958379745483,
197,bmftw1-exploring-survival-on-the-titanic,0.27303719520568803,
198,bobminnich-a-journey-through-titanic,0.22406792640686,
199,boliang-survivetitanic,0.761188983917236,
200,boliang-survivetitanicpy,0.32921004295349104,
201,bonesaw98616-exploring-survival-on-the-titanic,27.153048992157,0.742
202,bosun001-titanic-r-01,0.28793287277221696,
203,bphlmn-bryan-s-take-on-the-titanic-data-set,1.82362699508667,
204,bren077s-titanic-survivors,1.7684371471405,
205,brirush-logistic-regression-for-titanic,0.30416297912597695,0.754
206,brirush-naive-bayes-for-titanic,0.38292002677917497,0.761
207,brirush-randomforest-implementation-of-titanic,0.5678579807281489,0.758
208,brirush-svm-for-titanic,0.370893001556396,0.737
209,brirush-titanic-nearest-neighbor-using-squared-correlation,0.46492910385131797,0.734
210,brirush-xgboost-for-titanic,1.8597519397735602,
211,bruceokallau-data-mining-titanic-using-kmeans,0.276278018951416,
212,brucialized-titanic,1.97181701660156,
213,brunodeabreu-titanic-bruno-machado,1.18144297599792,
214,bryan1201-exploring-survival-on-the-titanic,0.22300410270690899,
215,bryan1201-exploring-survival-on-the-titanic-by-bryan1201,28.811874151229897,0.744
216,bssasikanth-satanic-titanic,0.6339409351348879,
217,bubblride-titanic-e1071-c-svc-fares-only,2.5205469131469704,0.667
218,bubblride-titanic-e1071-c-svc-five-features,2.5577638149261497,0.663
219,bubblride-titanic-e1071-nu-svc,2.64489603042603,0.665
220,burcins-titanic-first-attempt,5.02430009841919,
221,bwozniak-titanic-in-r,1.34133291244507,0.761
222,byrony-titanic-majority-vote-of-ridge-rf-and-gbm,2.8506547013918597,0.758
223,c34klh123-using-svm-to-predict-titanic-in-r,5.067269766330719,0.756
224,caleblau-predicting-survival-on-the-titanic,22.435478925705,0.751
225,caliphcheng-titanic-analysis-using-r,34.3358469009399,0.742
226,cardoso-titanic-women-and-children-first,1.1144903500874799,0.751
227,carlesac-titanic-prediction-deep-neural-networks-dnn,1.05901694297791,
228,carlesac-titanic-prediction-rule-learner,0.862989902496338,
229,carlosch-first-data-science-titanic-s-survive,1.04242610931396,
230,carolynchng-exploring-survival-on-the-titanic-test-run,0.8791978359222409,
231,cbrioso-titanic-rf,11.0586731433868,0.773
232,cch100m-binary-classification-practice-on-titanic-dataset,0.657922029495239,
233,ccheng2016-titanic-survival,10.199065923690801,0.744
234,cchung1368-titanic-dataset-trial-1,1.0364181995391801,
235,cdeotte-titanic-deep-net-0-82296,51.6337149143219,0.787
236,cdeotte-titanic-spam-filter,45.2018339633942,0.742
237,cdeotte-titanic-using-name-only-0-81818,0.27880287170410195,
238,cdeotte-titanic-wcg-xgboost-0-84688,0.24190902709960896,
239,cganxs-is-62-the-right-titanic-model-threshold,33.9163498878479,0.792
240,chandramuramalla-titanic-survival,0.823755025863647,
241,chandraroy-titanic-s-data-visualization,1.75782489776611,
242,charlesspo-titanic-test,1.43368196487427,
243,chathurangajayaweera-ranga-s-workbench-r-titanic,0.8027958869934079,
244,chauhanheta-exploring-survival-on-the-titanic,29.9495179653168,0.744
245,chdhatri-exploring-survival-on-the-titanic,29.1900417804718,0.744
246,chemalytics-exploring-survival-on-the-titanic,29.7578098773956,0.744
247,chemalytics-titanic-new,0.262680053710938,
248,chemjong-exploring-survival-on-the-titanic,3.09466910362244,
249,chemjong-titanic-survival-prediction,5.07981204986572,0.758
250,cherrywan-titanic-disaster,1.66485404968262,
251,chikane-a-journey-through-titanic,0.25108695030212397,
252,chiluvuriskr-ml-titanic,0.701275110244751,
253,chinarxo-titanic-prediction,2.37955212593079,
254,chipirek-titanic-my-first-kernel,0.2325599193573,
255,chrisaddy-titanic-survivr,2.56846809387207,
256,chuanhuiliu-one-solution-to-titanic-survival-analysis,4.2165789604187,0.761
257,chuckivan-titanic-logit,1.7069849967956499,0.742
258,chucktalbert-titanic-a-tidy-caret-approach-0-8086,7.388839960098269,
259,chueric-mining-titanic-sink,0.46722006797790505,
260,chueric-titanic-sink,0.39237117767334,
261,ciao1993-exploring-survival-on-the-titanic,1.70156407356262,
262,cindytong-titanic-practice-with-r-markdown,3.9983880519866903,
263,citation-titanic,0.361742973327637,
264,cjlarson-cjlarson-class-tree-r-titanic,0.241820812225342,
265,clairekunesh-predicting-titanic-survival-logistic-regression,5.6258859634399405,
266,claudiu-titanic-analysis,0.755769968032837,
267,clovisystem-estatisticas-e-altera-o-de-colunas-do-titanic,0.48251008987426797,
268,cntcspo-titanic-script,0.37159299850463895,
269,cnusapbo-titanic-r-code,0.39121794700622603,0.746
270,codutie-r-caret-titanic-ensemble-lb-0-803,35.3098919391632,
271,colinleverger-exploring-the-titanic-dataset,0.29089403152465804,
272,collett19-titanic-r-script-testing-testing-one-two-three,1.2370228767395,
273,collindching-titanic-sink-or-swim,4.47475385665894,
274,colonelkash-titanic-result,1.02400302886963,
275,contactsheetal-exploring-survival-on-the-titanic,30.574732065200802,0.744
276,cookepm-exploring-survival-on-the-titanic,1.02540707588196,
277,coolhj12-titanic-test-learn,0.840974092483521,
278,coruscatingprasad-titanicprasad,0.845802068710327,
279,cosentinoda12-exploring-survival-on-the-titanic-dc,30.231132984161402,0.744
280,countryboy-titanic-on-the-rocks-with-a-lime,2.56864786148071,
281,courtneywilkins-titanic-survival-prediction,0.920720100402832,
282,crisansou-titanic-automating-model-selection-using-caret,1.0456559499104798,0.737
283,crs3ven-titanic-survival-prediction,0.881396055221558,
284,cselefendi-titanic-v2,0.924429893493652,
285,curtaincall-exploring-survival-on-the-titanic,34.307223796844504,0.744
286,cyecandyds-titanic1,0.650439977645874,
287,cyykaggle-titanic,1.38355112075806,
288,daiearth22-exploring-survival-on-the-titanic,36.1292788982391,0.744
289,dalilamachado-titanic-teste,1.152674583594,0.737
290,damleadwait-titanic-tutorial,1.63073515892029,
291,danedrmr-titanic-eda-with-r,1.16639304161072,
292,danieleewww-beginners-titanic,1.8882967154185,
293,danielpg-dpg-titanic-test,2.17934489250183,
294,dannypallotta-danny-s-titanic-notebook,0.7152481079101559,
295,danr87946-titanic-practice,0.575852870941162,0.758
296,dansum-exploring-survival-on-the-titanic,1.02824091911316,
297,danvargg-titanic-passenger-survival,2.3109791278839102,0.739
298,darkanita-titanic-analysis,0.9106831550598141,
299,darkenwei-titanic-r,3.55837798118591,
300,dasbeste-exploring-survival-on-the-titanic,31.548131942749,0.744
301,dascanvas-titanic-random-forest,2.2594609260559104,0.766
302,daskoo-titanic-r-test,0.605494022369385,
303,datadatum-exploring-survival-on-the-titanic,30.815109968185396,0.744
304,dataggle08-a-journey-through-titanic,0.22303509712219197,
305,dataninja2014-exploring-survival-on-the-titanic,29.9746279716492,0.744
306,datascikrid-exploring-survival-on-the-titanic,30.3283059597015,0.744
307,dataxulong-titanic-analysis,0.275469064712524,
308,davetch-titanic-test,0.562747955322266,
309,david89222-titanic-logistic-regression-model-with-r,2.45878982543945,
310,davidhoon-titanic-r-notebook,1.1773180961608898,
311,dbenny42-a-journey-through-titanic,0.237375020980835,
312,ddefave-titanic-script-test,0.8061928749084469,
313,debnomics-titanic-first-randomforest,1.35330700874329,
314,deborareis-my-first-r-script-for-titanic,0.428579807281494,
315,debudey-logistic-regression-model-titanic-dataset,0.4426290988922121,
316,debudey-notebook-titanic-dataset,0.729275941848755,
317,delasupreme-titanic-data-analysis-rf-prediction-0-81818,4.04074788093567,0.763
318,deltaforce126-titanic-randomforest,0.7261300086975101,0.763
319,demborg-learning-regression-in-r-from-titanic,1.15859293937683,
320,dengshijiao-titanic-bruyont,0.6843001842498779,
321,devanshugupta27-predicting-the-titanic-survival-rate,8.990691900253301,0.754
322,devrath7s-exploringtitanic,0.40308094024658203,
323,dgf4qu-titanic-analysis-with-k-nearest-neighbor,2.8299350738525404,
324,dheerajgoudborlla-exploring-survival-on-the-titanic,31.6256911754608,0.744
325,dibyaj-titanic-passenger-survived,0.844009876251221,
326,dibyaj-titanic-servivals,0.39774107933044395,
327,diegosiebra-rf-titanic-prediction-th3one,1.58213996887207,0.761
328,dineshary-exploring-survival-on-the-titanic,32.195788860321,0.744
329,dineshary-titanic,0.7455918788909909,
330,dingminghbut-titanic,0.25255298614502,
331,divakar239-survive-the-titanic,28.9774570465088,
332,divy44-titanic1,0.8926320075988771,0.648
333,divyabudale-conditional-inference-tree-model-titanic,2.2201161384582497,0.756
334,divyasshree-titanic-ml-club,2.85417580604553,0.713
335,dixdan2008-titanic,1.47120809555054,
336,djohnbar-fork-of-titanic-rf-w-titles,1.85882616043091,0.756
337,djohnbar-the-titanic-using-knn,1.5671350955963101,0.763
338,djohnbar-titanic-rf,1.82290315628052,0.766
339,dleibovi-titanic,1.77873086929321,
340,dleprovost-simple-titanic-exploration,29.0000429153442,0.763
341,dmacwilliams-a-journey-through-titanic,0.25361180305480996,
342,dmtgroup073-datatitanic,0.37260317802429205,
343,dmvoit-titanic-test-notebook,0.0492610931396484,
344,dochero-myfirstscriptkaggletitanic,0.62782096862793,
345,domini-titanic-data-exploration-and-modelling,14.5908741950989,0.742
346,dondapati-titanic-visualization,6.004216194152829,
347,dongheerhie-titanic-in-r,2.1059157848358203,
348,doranemoda-titanic-kernel-lots-of-things,0.281736850738525,
349,dralmostright-kaggle-titanic-first-kernel,16.6963491439819,0.766
350,drdanz-titanic-decision-trees-vs-logistic-regression,2.07922196388245,
351,droid732545-titanic,0.7971150875091549,
352,dspudwill-titanic-log-reg-analysis,4.19207692146301,
353,dsvijayaraghavan-vra-titanic,4.1070089340210005,0.77
354,dukasguo-exploring-survival-on-the-titanic,31.2089219093323,0.744
355,dukasguo-titanicrf,0.530745029449463,
356,dushyantthakre-first-submission-titanic,2.2403230667114302,
357,duygut-titanic-survival-prediction,2.62752890586853,
358,dx1234-predicting-survival-rate-on-titanic,0.54404091835022,
359,dylanjcastillo-titanic-predictions-using-keras-in-r,3.93912220001221,
360,dylanmj-exploring-survival-on-the-titanic,29.2618780136108,0.744
361,eagle97-a-journey-through-titanic,0.0441081523895264,
362,easbiikhsan-titanic-logistic-biner-regression,1.21553993225098,
363,econdata-machine-learning-on-titanic-dataset,2.12341713905334,0.756
364,econdata-titanic-datasets-ml-with-r-journey-to-top-1,6.87690877914429,0.9
365,econdata-titanic-machine-learning-from-disaster,2.5790369510650604,
366,edobrien-titanic-try-r,0.981619834899902,
367,edouardmalet-a-journey-through-titanic,0.23116397857666002,
368,edurnita-titanic-machine-learning,0.0445101261138916,
369,eduterradez-titanic-3-levels-ensemble-model,2.0208680629730202,
370,efezinoerome-exploring-survival-on-the-titanic,29.292387008667003,0.744
371,effy94-titanic-learning-v1,2.23361206054688,
372,effy94-titanic-survival-analysis,0.515464067459106,
373,efmorgan92-titanic-knn-analysis-r,0.257603883743286,
374,eibanezm-family-engineering-in-titanic-s-dataset,0.43726396560668895,
375,elimiller-the-caret-package-and-the-titanic,1.89181900024414,
376,emj777-decision-tree-titanic-r,1.0467312335968002,0.751
377,emlini-kaggle-titanic-survival-model,1.96691799163818,
378,enileda3-simple-titanic-prediction-for-absolute-beginners,11.649342060089099,
379,ep1804-titanic-survival,9.18486094474792,0.768
380,erikbruin-titanic-2nd-degree-families-and-majority-voting,15.2318501472473,0.797
381,erskumars-titanic-survival-eda-and-survival-rate-prediction,2.1178131103515603,0.749
382,eryamada-titanic-eda-and-feature-engineering,0.22232198715210003,
383,etiennedumoulin-titanic-simple-intro-with-r,0.540412902832031,
384,evjrob-titanic-in-r,0.046766996383667,
385,ewong027-exploring-survival-on-the-titanic,0.596367120742798,
386,ezhilvelme-titanic-neural-network-c-4-2,5.067597981294,0.749
387,fallsit-predict-the-survived-rate-on-titanic,2.8719501495361297,
388,farhodkalonov-titanic-survival-prediction-end-to-end-ml-pipeline,0.22995710372924802,
389,fcostartistican-titanic-in-r-few-words-a-lot-of-plots,2.6618199348449703,
390,felixhalim-exploring-survival-on-the-titanic,29.8126699924469,0.744
391,fermm92-exploring-survival-on-the-titanic,29.3501501083374,0.744
392,fertueros-exploring-survival-on-the-titanic,29.260213136673002,0.744
393,fhlgood-glm-titanic,0.0453109741210938,
394,flowy00-titanic-notebook-datacamp-kaggle-tutorial,1.3512279987335198,
395,fmoiteiro-titanic-dataset,0.639410972595215,
396,foreman3-exploring-survival-on-the-titanic,29.2749049663544,0.744
397,foreman3-exploring-survival-on-the-titanic-bit-by-bit,2.24207711219788,
398,foreveroka-titanic,0.6453890800476071,
399,fpsawicki-eda-and-prediction-on-titanic-dataset,4.2158350944519,0.746
400,franciscoalonso-test1titanic,0.340846061706543,
401,francksylla-r-titanic-machine-learning-from-disaster,0.356911897659302,
402,francoisolivier-fork-of-titanic-20,8.593281030654909,0.754
403,francoisolivier-titanic-20,1.21174216270447,0.756
404,frank5547-my-solution-to-titanic-for-now,8.05809879302979,0.761
405,frankfeng-titanic,1.6211109161377,0.768
406,frareb-gs-titanic-01-frareb-rmd,0.401457786560059,
407,fraserpal-kaggle-titanic-disaster-data-set-and-h2o-framework,0.21543502807617199,
408,fredman-bergenmlmeetup-barebonestitanicr,0.74393892288208,
409,fredman-titanic-barebones-benchmark-r,0.9748928546905521,0.756
410,fuchai-rtitanic,0.36069893836975103,
411,gabrielguc-my-titanic-analysis,2.5055279731750497,
412,gabrielguc-neural-titanic,1.9300479888916,
413,gairolap-titanic,1.08203291893005,
414,gallarus-en-route-for-machine-learning-with-titanic-and-r,1.6165838241577102,
415,gangu28-titanic,0.45524787902832003,
416,garciparedes-titanic-getting-started,0.5236217975616461,0.756
417,gauravgada-titanic-logistic-regression-model,0.6933331489562989,
418,gauravsatav-exploring-survival-on-the-titanic,29.1490700244904,0.744
419,gaurikris-titaniclearningqi,0.0453259944915771,
420,gautam1168-exploring-survival-on-the-titanic,0.47983908653259294,
421,gedrox-titanic,0.21779394149780298,
422,geosko-titanic-random-forest,5.0796328306198095,
423,get2bpadmana-brat-titanic-analysis,1.3958809375762902,
424,get2bpadmana-titanic,0.6423630714416501,
425,get2bpadmana-titanic-data-exploration,0.675779104232788,
426,ghoshtumpu-logistic-egression-on-titanic-dataset,1.0789608955383299,
427,giannismo-exploring-survival-on-the-titanic,49.4432299137115,0.744
428,gmayank32-titanic-survived-model-random-forest,3.94417500495911,
429,goblin-titanic-test,0.693688869476318,0.758
430,gomes555-machine-learning-com-dados-da-base-titanic,5.814641952514651,
431,gonnel-titanic-gbm-top-11-0-80382,37.8728771209717,
432,goodwebb-titanic-by-eda-and-h2o-package-chinese-version,0.741343975067139,
433,gpellis-exploring-survival-on-the-titanic-with-r-notebook,41.752462148666396,0.744
434,graf10a-titanic-alexey-pronin-1,1.4041650295257602,
435,grapple-exploring-survival-on-the-titanic,24.727892160415603,0.744
436,gravc91-exploring-survival-on-the-titanic-forked,42.0952990055084,0.744
437,gravc91-titanic-deeplearning-ofg-r,3.2058441638946498,
438,gravitymhxy2-titanic,7.35818099975586,0.763
439,greeshma12-titanic,1.00053095817566,
440,gsdeepakkumar-learning-ml-with-titanic-survival,1.45820784568787,
441,gualtieri-titanic-survivorship-analysis,1.25684009790421,
442,gzanatta-how-i-reached-top-6-on-titanic-competition,12.749526023864698,0.751
443,gzw8210-predicting-survival-on-the-titanic,0.259839057922363,
444,haichenliu-a-journey-through-titanic,0.186338186264038,
445,haijie-titanic-prediction-wit,1.75472521781921,
446,haijie-titanic-prediction-with-gbm,1.22176623344421,
447,haleh68-exploring-survival-on-the-titanic,0.8519799709320072,
448,hamid17-train-test-titanic,0.6479668617248541,
449,haojianfeng-titanic-passenger-survival-forecast-r,2.1819689273834197,0.763
450,hardawaykr-titanic,0.18025612831115698,
451,harleypellowe-harley-titanic,0.5544021129608149,
452,harleypellowe-titanic,3.87551999092102,
453,harleyxvi-bhatia-testing-titanic,0.82390284538269,
454,haroldzhang-exploring-survival-on-the-titanic,9.53116512298584,0.749
455,haroldzhang-titanic-ace233,9.44318389892578,0.77
456,harryem-feature-engineering-on-the-titanic-for-0-81339,4.110515117645259,
457,harryem-titanic-comparing-two-approaches-for-missing-data,9.21123504638672,0.529
458,harsh2-exploring-the-titanic-dataset,10.4711899757385,0.778
459,harsh2-titanic-survival,0.21042299270629897,
460,harshjoya-titanic-r-hr,0.658367872238159,
461,harshramandas-r-titanic,0.275485992431641,
462,haylmg-titanic-is-back-in-r,1.6083940505981398,
463,hdixit-titanic-machine-learning-from-disaster,2.6573469638824503,
464,heavenh3ll-titanic1,0.76482105255127,
465,hegdekarthik-titanic-prediction-beginner-level-decision-tree,5.442790985107419,0.758
466,helloklima-titanic-marvin,0.337898015975952,
467,hellovenkat-titanic-sub1,0.9122519493103031,
468,hemantkhurana-exploring-survival-on-the-titanic,27.6084990501404,0.744
469,hemantkhurana-random-forest-on-titanic-data,4.900077104568481,
470,hemingwei-titanic-r-solution-from-megan-risdal,27.0461230278015,0.744
471,hertan-titanic-surviving-dataset-simple-expression,7.44625616073608,0.761
472,heysilver-titanic-test,0.339446067810059,
473,hgunawan-titanic-survival-kernel,0.6757130622863771,
474,hillabehar-titanic-analysis-with-r,2.69707703590393,0.77
475,himanshumittal-a-journey-through-titanic,0.18762493133544897,
476,himsingh-titanic-practice,0.290650129318237,
477,hirenjani-hiren-titanic-disaster,0.277653932571411,
478,hisnibs-titanic-enhancing-the-training-data-and-kis,0.341806173324585,0.78
479,homelesssandwich-titanicdataanalysis,5.4563701152801505,
480,hongviet2002-exploring-survived-on-titanic,1.02091908454895,0.751
481,hongviet2002-survived-on-titanic-board,1.00110101699829,0.751
482,huanvo-titanic-prediction-with-cforest-0-82296,57.325070142746,
483,huijunzhao-titanic-r,1.0044648647308299,
484,hulloswin-titanic-random-forest-first-submission,0.764754056930542,
485,hulloswin-titanic-work,0.783197164535522,
486,hurtlocker25-rms-titanic-r-random-forrest,4.296277999877931,
487,husainsb-titanic-survived-or-not-survived,2.2045481204986603,
488,hyc399-titanic,0.7227020263671879,
489,ianwells-titanic-simple-rf-with-name-and-age-features,2.2980711460113503,0.77
490,igaitan-titanic-solution,0.658812999725342,
491,igbatov-titanic-data-exploration-with-glm,0.999696016311646,
492,igorha-my-machine-learning-titanic-case,0.33677196502685497,
493,iherbert-titanic,2.05372095108032,0.751
494,ijundi-exploring-survival-on-the-titanic,1.26676201820374,
495,ilijaf-titanic,2.80402112007141,0.763
496,imendoza-titanic-rf-prediction,3.993577003479,0.763
497,imhgchoi-implementing-various-models-on-the-titanic-dataset,5.54886078834534,
498,imhgchoi-implementing-various-models-on-titanic-dataset,0.270894050598145,
499,imitation-exploring-survival-on-the-titanic,11.1917650699615,0.751
500,imitation-titanic-survival-rf,12.9513120651245,
501,inareous-titanic-indonesia,41.406569957733204,
502,incoherance-titanic-tutorial,0.633417844772339,
503,intelrunner-titanic-get-out-now,1.12127494812012,
504,invisibleman-exploring-survival-on-the-titanic,0.19653487205505396,
505,iqbal911arrafii-newbie-step-on-solving-titanic-probelm,32.399055004119894,
506,isaacfeng-a-journey-through-titanic,0.21140789985656697,
507,ish19655-practising-machine-learning-with-titanic-dataset,0.352472066879272,
508,ishbhms-predicting-survival-on-titanic-using-ml,0.523126840591431,
509,itaibl-kaggle-titanic-tutorial-passing-82-part-1,0.7372050285339359,
510,itesla-titanic-cart-decision-tree-in-r,0.38496804237365706,
511,ivanbaj-part-1-titanic-encounters-vowpal-wabbit-and-r,1.16896486282349,
512,ivanbaj-part-2-titanic-encounters-vowpal-wabbit-and-r,0.556960105895996,0.352
513,jacekpardyak-mytitanicscript,1.3334541320800801,0.562
514,jagadeeshyarramsetty-titanic-data-analysis,0.334184169769287,
515,jagguu-passenger-survival-prediction-titanic,54.2151050567627,
516,jaimehp-titanic-s-survival,2.5326149463653596,
517,jaimisk-titanic-survival-logistic-regression,2.40268898010254,0.746
518,jajanes-a-journey-through-titanic,0.23518204689025898,
519,jakishi-is-ml-lab-in-aug-2018-titanic-data-20180821,2.61274194717407,
520,jakishi-is-ml-lab-in-aug-2018-titanic-honma-san-s-work,2.86991691589355,
521,jamcarwal-exploring-survival-on-the-titanic,28.948521137237503,0.744
522,jamensson-first-script-titanic-1,0.611823081970215,
523,jameswong1234-titanic-machine-learning-from-disaster,0.640022039413452,
524,jananikrishnamoorthy-titanic,0.7106699943542479,
525,jaredcross-simple-regression-titanic,1.0048749446868899,0.744
526,jarmopih-a-journey-through-titanic,0.260334968566895,
527,jasminegoel-playing-with-titanic-dataset-r,1.36377382278442,0.732
528,jasonborn-titanic-starter,0.308007001876831,
529,jasonhit-first-script-for-kaggle-titanic,0.639940023422241,0.758
530,jatinm2593-titanic,0.332843065261841,
531,jawadrasool-predicting-the-survival-on-titanic-disaster,0.209678173065186,
532,jayantrag-finding-patterns-in-survivors-of-titanic-wreckage,1.01248407363892,
533,jayasimhagp4r-titanic-basic,0.322314023971558,
534,jaychu-logisticregression-of-titanic,0.0392348766326904,
535,jaygrayson-titanic-v3,1.8944160938262902,
536,jccochran3-random-forest-titanic-by-c-cochran,2.8413279056549103,
537,jduque-deaths-on-the-titanic-with-random-forests,3.71128989855448,
538,jeankwizera-exploring-survival-on-the-titanic,1.09868407249451,
539,jeepkd-titanic-survival-analysis-sandbox-with-r,0.716363906860352,
540,jeetranjeet619-titanic-dataset-play-around-in-r,5.07001531521479,0.749
541,jeetranjeet619-titanic-xgboost-example-in-r,29.2069239616394,0.725
542,jenioai-exploring-survival-on-the-titanic,30.3346419334412,0.744
543,jenioai-predicting-survival-on-the-titanic,2.97762989997864,
544,jenioai-titanic-data-analysis-rf-prediction-0-81818,3.5781230926513703,0.763
545,jeremyd-titanic-logistic-regression-in-r,0.351208925247192,
546,jerlinraj-titanic-machine-learning-from-disaster,0.26819705963134804,0.744
547,jerrythomas-surviving-titanic-and-learning-r,0.564766883850098,
548,jerzyney-titanic-score-about-80,8.02444911003113,
549,jeschroeder-first-titanic-upload,1.0041880607605,
550,jessekerr-jesse-titanic,0.21506690979003898,
551,jessewheeler-titanic-data-with-xgboost-in-r,2.3979649543762203,
552,jester-titanic-disaster-prediction,0.624942064285278,
553,jfeng1023-titanic-prediction-in-r,3.4852709770202597,
554,jfriksen-titanic-survival,0.6574039459228521,
555,jgomezromero-myfirst-test-titanic,0.79471492767334,
556,jiayue9-titanic,0.31688284873962397,
557,jibaigai-let-s-dive-into-the-titanic,3.65550804138184,
558,jigyasa-titanic,0.317112922668457,
559,jimmyyang-fork-of-titanic-survival-list-using-classification,0.649861812591553,
560,jinsol-titanic-1,0.31360983848571805,
561,jintian82-tian-titanic,0.3110032081604,
562,jkevin2010-improved-model-for-titanic-survival,0.9931600093841549,0.754
563,jkevin2010-titanic-survival-prediction,0.7299518585205079,
564,jkevin2010-titanic-survival-using-decision-trees,0.971025943756104,0.758
565,jlindsteadt-titanic-survival-analysis-using-svm,1.10028600692749,
566,jmartindelasierra-titanic-survival-with-c5-0,0.5498600006103521,
567,jmayalag-titanic,0.651072025299072,
568,jmbull-titanic-notebook,0.557868957519531,
569,jmercer187-fork-of-titanic2,5.95377016067505,0.749
570,jmichaels-titanic,0.326869010925293,
571,jnrahul92-titanic-analysis-using-logistic-regression,3.96882390975952,0.751
572,jns2292-titanicsurvivors-r,0.0385258197784424,
573,joelmateo3-prueba-titanic,1.01450300216675,
574,joelweiss-titanic-data-r,4.10808706283569,0.734
575,johngunawan-exploring-survival-on-the-titanic,27.172758102417003,0.744
576,johnhawver-titanic-kernal-logistic,0.2205970287323,
577,johnlam-titanic-dataset-and-learning-decision-trees,3.4213440418243395,0.758
578,johnluo721-titanic-survival,23.030282974243196,
579,johno883-john-orr-titanic-random-forest,1.42402505874634,0.768
580,jok10gf-testing-titanic,0.32116389274597196,
581,jonmak-identify-travel-groups-in-titanic,16.105898141861,0.739
582,josepandreu-titanic-visualization-with-ggplot2,1.2210080623626698,
583,joshuasalazar984-titanic-kaggle,0.526247978210449,
584,jpadilhas-titanic-predi-o-de-sobreviventes-em-portugu-s,1.16680908203125,
585,jpetrovska-titanic,1.67830109596252,
586,jpleyte-titanic-in-r,0.0538220405578613,
587,jprukundo-titanic-in-r-with-naive-bayes-of-mlr-package,1.9401149749755902,0.751
588,jromio-titanic,0.0451788902282715,
589,jromio-titanicf,1.26861381530762,
590,jsvpandya-first-script-titanic-survivor,1.28646183013916,
591,jsvpandya-first-script-titanic-survivor2,2.11320686340332,
592,jsvpandya-titanic-data-exploration,0.21578311920166002,
593,junjunjun-titanic-kaggle,2.39258694648743,
594,junjunjun-titanic-ticketnumber-visualization,1.28044509887695,
595,just10minutes-exploring-survival-on-the-titanic,0.882044076919556,
596,justfor-just-playing-with-the-titanic,5.06702546676,
597,justindatascience-titanic,2.85299301147461,
598,justinpjack-exploring-survival-on-the-titanic,0.981291055679321,
599,juturu97-exploring-survival-on-the-titanic,28.5836958885193,0.744
600,juverstraeten-titanic-test-5-decision-tree-w-cabin,0.5688748359680179,0.763
601,jww001-exploring-survival-on-the-titanicqw,1.81698226928711,0.737
602,jyotiprakash-titanic-learn-ds,1.63385009765625,
603,kabled-life-and-death-on-the-titanic,10.9289541244507,0.763
604,kadyrbek-titanic,0.231006145477295,
605,kagglere-titanic,0.297600984573364,
606,kaider0-exploring-survival-on-the-titanic,0.22211098670959498,
607,kalidoss-titanic-survival-exploratory-analysis,2.33471202850342,
608,kallevato-titanic-test,0.548624038696289,
609,kambojatul20-titanic-first,0.783098936080933,
610,kandarp16-titanic-survival-data,0.305865049362183,
611,kanhuachary-exploring-survival-on-the-titanic,30.2521960735321,0.744
612,kapillehar-titanic-rf-prediction-0-81818,4.09236717224121,0.763
613,karamveer-titanic,1.13027691841125,
614,karlkonz-exploring-the-titanic-dataset-with-r,3.49149799346924,0.761
615,karnakarthoorpu-titanic-analysis-r,2.2319538593292205,
616,karnakarthoorpu-titanicanalysis-r,2.2041609287262003,0.648
617,karthikeyan85-titanic-prediction-using-gbm,56.0286519527435,
618,karthikraghuveer-titanic-survival-prediction-using-logit,3.0625431537628196,
619,kasturimitra-titanic,2.9042811393737797,0.758
620,kateswierz-titanicr,3.0120091438293497,
621,kazimanil-titanic-submission,1.10023131370544,0.555
622,kckoay-1-0-titanic,0.5776600837707521,
623,keith1-titanic-eda,4.06711506843567,
624,kerrja-titanictest,0.331894159317017,
625,kevimwe-titanic-exploratory-data-analysis,6.64468502998352,
626,kevogich-a-journey-through-titanic,0.22329401969909698,
627,kezarmader-titanic-survived-v1,0.941679954528809,
628,kguillemot909-kg-titanic,0.354745149612427,
629,kguy32363827-titanic-survival-modeling-exploration,2.91811895370483,
630,kidoman-titanic-test,0.6336669921875,
631,kierisi-titanic-survival-pred,0.30195689201354997,
632,kikishmiki-titanic-passenger-survival-prediction,3.3427541255950897,0.766
633,kingselta-titanic-in-r,0.616800785064697,
634,kishvanchee-titanic-exploration-and-prediction,0.7237219810485841,
635,kitivan-my-first-ml-project-titanic-updated-20171010,1.72159099578857,
636,kiyoung1027-hello-titanic-eda-fe,0.679075002670288,
637,kjell56-titanic-vu-dm-group29,3.0598208904266397,
638,kkaramvir-titanic-problem,0.30544114112854,
639,klashgari-titanic,1.8825919628143302,0.242
640,klisarov-titanic-script,1.66056489944458,
641,klmilam-kmilam-titanic,0.695512056350708,
642,kmsravindra-titanic-solution-in-r,0.8395130634307858,
643,koalascheesecake-titanic-first-learning-project,0.0614299774169922,
644,kogamstk-exploring-survival-on-the-titanic,29.1267421245575,0.744
645,konosp-titanic-logistic-regression-from-scratch-0-779,2.23643279075623,
646,kord123-titanic,0.685894966125488,
647,kpotard-more-h20-for-titanic,0.264486074447632,
648,krietallo64-exploring-survival-on-the-titanic,28.185263872146603,0.744
649,kristinka28-titanic,0.0421559810638428,
650,kronprinserik-exploring-survival-on-the-titanic,28.666327953338598,0.734
651,krupan-exploring-survival-on-the-titanic,29.3154668807983,0.746
652,krusheel-titanic-exploratory-analysis,5.17622518539429,
653,ksauln-titanic,1.10160055160522,
654,kshashank-first-titanic-implementation,0.0463149547576904,
655,kshashank-my-first-titanic-implementation,0.039700984954834,
656,kunaphas-predictive-analysis-of-survival-rate-on-titanic,2.77940893173218,0.758
657,kvnlng-titanic,0.779305934906006,
658,kvsista-titanic1onkaggle,0.317876100540161,
659,kyanyoga-exploring-survival-on-the-titanic,28.0753087997437,0.744
660,lagprophet-titanic,0.29099702835083,0.758
661,laking10-simple-decision-tree-for-the-titanic-dataset,0.21154284477233898,
662,lakshya1605-titanic,0.325675964355469,
663,lancejernigan-titanic-analysis,0.311328887939453,
664,lashkare-simple-yet-effective-titanic-solution,3.23613715171814,0.766
665,lateagain-titanic-test-script,0.494014978408813,
666,lattesandcode-titanic-prediction-script,0.328232049942017,
667,laurali-nora-s-titanic-notebook,0.0436811447143555,
668,lbarbosa-titanic-with-random-forest-logit-and-boosting,0.296509027481079,
669,leedongkyu-exploring-survival-on-the-titanic,28.1735010147095,0.744
670,leocvpr-titanic,0.8995931148529049,
671,leogregianin-my-titanic-script,0.677084922790527,
672,lfl1001-titanicnotebook-r,0.21479606628418,
673,lhzhu91-titanic,0.7306180000305179,
674,liaoxun1227-titanic,0.501352787017822,
675,libra202ma-exploring-survival-on-the-titanic,28.290195941925003,0.744
676,lich070192-titanic-test,3.1647961139678995,0.763
677,lin538x-titanic-survival-prediction-end-to-end-ml-pipeline,0.22045183181762698,
678,lisastuart-exploring-survival-on-the-titanic,5.47231793403625,0.749
679,liudj2008-fork-of-titanic,1.27998399734497,0.761
680,liudj2008-titanic,1.3007199764251698,0.761
681,liulantao-titanicdata,4.63110399246216,
682,liulantao-titanicdata-02,1.7071068286895799,
683,liwenhuang-titanic-logistic-tree-rf,5.97831892967224,0.749
684,lizpund-titanic-competition-kernel,4.98940491676331,0.756
685,ljfernando-titanicsurvival,8.384755849838259,0.778
686,lmjwilliam-a-journey-through-titanic,0.208086013793945,
687,lmorgan95-titanic-top-8-with-random-forests-r,0.727419137954712,
688,lohanii-titanic-survival-prediction-r-markdown-code,2.2297160625457795,
689,lokesharun-titanic,4.7781269550323495,0.751
690,lorenzopagliaro01-titanic-models-101-for-adventurous-pioneers,0.25398015975952104,
691,lornamariak-survival-criteria-on-the-rms-titanic,1.4374461174011202,
692,loveautumnlan-exploratoryanalysis-prediction-titanic,5.77183699607849,0.763
693,lpfahler-my-first-kernel-the-titanic-dataset,1.59026503562927,
694,lstnr1-titanicscript,22.221153020858804,
695,luboyang-titanic-jounery-begins-with-python,0.5837578773498541,
696,lucasantevere-hello-titanic,1.2702820301055902,0.758
697,lucasbf-exploring-survival-on-the-titanic,0.184722900390625,
698,lucasguarisco-exploring-survival-on-the-titanic,23.696639060974103,0.742
699,lucyq228-a-journey-through-titanic,0.18319988250732397,
700,lucyq228-social-network-for-titanic-family-members,6.21222186088562,
701,ludejun-exploring-survival-on-the-titanic,24.8345289230347,0.744
702,luisaapf-survival-prediction-on-titanic,1.64064884185791,
703,luispalmab-titanic-default,0.0385470390319824,
704,lukeschmerold-exploring-survival-on-the-titanic,24.1912050247192,0.746
705,luxjy86-the-easiest-way-to-find-titanic-survivors,0.186791896820068,
706,lyragg-titanic-test,0.588969945907593,
707,lys620-titanic-random-forest,0.0419661998748779,
708,mac4vity-exploring-survival-on-the-titanic,24.146184921264602,0.744
709,maccalla-titanic-challenge-written-in-japanese,1.60628914833069,
710,mackmpn-getting-started-on-titanic,0.189558982849121,
711,macrosp-logistic-regression-titanic-dataset,0.330227136611938,0.737
712,madhuri6791-titanic-machine-learning-from-disaster,0.187707185745239,
713,maestroyi-kako-titanic-data-0312,7.181735038757321,
714,magicsany-titanic-data-sandbox,1.3842630386352501,
715,magnusbu-titanic-passenger-survival-prediction,0.456290006637573,
716,mahaveer02-titanic-survive-model-in-r,0.27939391136169395,
717,mahmud007-exploring-titanic-survival-rates,2.11902093887329,
718,mailakshdeep-titanic-survival-prediction-r,37.963541030883796,0.751
719,maitree-titanic-survival-list-using-classification,1.0769011974334701,0.746
720,maitree-titanic-survival-list-using-random-forest,1.0877108573913599,0.483
721,makarevich-missing-values-that-you-can-t-miss-in-titanic,1.8161690235137902,
722,makdvd-titanic-disaster-survival-prediction-r,3.96505308151245,
723,manasi-titanice-logistic-regression-v1,0.0352559089660645,
724,maneman-titanic,0.43595409393310497,
725,manishrai-titanic-eda,4.239609249432879,
726,mannyjb732-titanic-test,0.7974197864532471,
727,manskj-machine-learning-and-titanic,0.626434087753296,0.763
728,manusantana-kaggle-for-begginers-titanic,1.34767818450928,
729,marcelloaliverti-titanic-contest,0.4382650852203371,
730,marison-titanic-dataset-first-kernel,0.189635992050171,
731,markdavey-predicting-survival-on-the-titanic,2.1018300056457497,
732,markkb-a-journey-through-titanic,0.179443836212158,
733,marsanow-first-machine-learning-project-with-titanic,0.47997188568115207,
734,marshalwong-titanic-dataset-walkthrough,1.31729912757874,
735,martagajewska-titanic-marta-s-first-try,0.224370002746582,
736,martijn-exploring-survival-on-the-titanic,0.6898291110992428,
737,martinduys-titanic-wip,0.639928102493286,
738,maruja-first-trial-titanic,0.238495111465454,
739,masaldzhiyski-exploring-survival-on-the-titanic-0-81818,0.704257965087891,
740,matheom-neural-network-example-using-titanic-dataset,3.1757628917694105,
741,mathieulornac-playing-with-the-titanic-dataset,0.8593261241912841,
742,matthewhennegan-exploring-the-titanic,5.97717118263245,
743,mattrb-titanic,3.11868810653687,0.751
744,mattwhansen-titanic-v1,0.27429413795471197,
745,mauricio88-first-model-on-titanic-dataset,40.156017065048204,
746,mayanksoni-titanic-dataset,0.519623041152954,
747,maza91-titanic-logistic-regression,0.5620388984680179,0.749
748,maza91-titanic-neural-network-try,1.0981729030609102,0.761
749,mchatham-exploring-survival-on-the-titanic01,24.5197870731354,0.744
750,mcliff-exploring-survival-on-the-titanic,22.366392850875897,0.751
751,mcn215-titanic-eda-manymodels-beginner-79425,15.4106178283691,
752,mdzeig-titanic-case-study,1.53215193748474,
753,meenal19-titanic-0623,1.61420083045959,
754,meggles-titanic-fresh-feature-engineering,3.64396691322327,
755,meggles-titanic-model-training-and-validation,7.3303918838501,
756,meggles-titanic-svm-submission-1-0,3.1494159698486297,0.756
757,mervynakash-titanic-prediction,0.621006011962891,
758,metal32-exploring-survival-on-the-titanic,24.4158971309662,0.744
759,metawin-titanic-script,0.7045559883117679,
760,mhamano-titanic-r-script,23.935464143753098,0.744
761,mihaque313-first-submission-to-titanic-problem,0.44898104667663596,0.744
762,mikeair-titanic-nn-bruteforce,47.079314947128296,
763,mikethomas-predicting-titanic-survivors,0.44707489013671897,
764,milanhavir-titanic-journey-over-different-classifiers,1.7818140983581499,
765,milesmcbain-ttitanic-mm,0.6387200355529791,
766,milosv-titanic-data-visualization-sex-vs-pclass,0.5064280033111571,
767,mira5b-exploring-survival-on-the-titanic,24.532159805297898,0.744
768,misechko-predict-survival-on-the-titanic-title,4.1165258884429905,
769,mismael-titanic-1,0.788394927978516,
770,mkgiitr-titanic-survival-prediction,24.201274156570395,0.744
771,ml210introstudent-ml210introstudenttitanic,1.60276198387146,
772,mmaguero-titanic-majority-vote-of-ridge-rf-and-gbm,2.50428706804911,0.758
773,mnd1892-manav-titanic-r,0.256479024887085,
774,mohankanni-exploring-survival-on-the-titanic,24.3265209197998,0.744
775,mohdazeemnitw-titanic,0.43831610679626504,
776,mohdbarakat-titanic-tragedy-survival-prediction-with-ml,0.500553846359253,
777,mohitr-titanic-tragedy-exploratory-data-analysis,2.49566507339478,
778,momentaj-titanic-randomforest-mice,24.0859007835388,
779,monderwa-getting-0-81339-with-random-forest-on-titanic,0.184581995010376,
780,monfilier-titanic-survival-prediction,4.93208694458008,0.744
781,monikapeteva-predictive-analysis-of-survival-rate-on-titanic,2.60194706916809,0.758
782,monikapeteva-who-all-survived-the-titanic-3b45d7,1.9329931735992398,0.773
783,mothsailor-exploring-survival-on-the-titanic,4.91834211349487,
784,mrisdal-exploring-survival-on-the-titanic,24.654183864593502,0.744
785,mrsheriff-exploring-survival-on-the-titanic,24.6540901660919,0.744
786,mrstepanovic-using-random-forests-to-identify-titanic-survivors,0.325496912002563,0.758
787,msantos68-exploring-survival-on-the-titanic,23.9488279819489,0.742
788,msmenegol-titanic-tutorial,0.0355198383331299,
789,mtknowlt-exploring-survival-on-the-titanic,24.3777391910553,0.744
790,mukundkallapur-titanic-man-made-marvel-struck-by-nature-s-wrath,2.2483530044555695,
791,mullayilkannan-decision-tree-titanic,0.522516965866089,0.744
792,mullayilkannan-randomforest-with-knn-imputation-titanic,3.38458204269409,0.768
793,mumonobert-exploring-survival-on-the-titanic,0.183349847793579,
794,mustafaabbs2-titanic,0.261219024658203,
795,mustafaabbs2-titanic-must,0.18334007263183602,
796,mustfkeskin-titanic-xgboost,2.47959303855896,0.749
797,mwesthues-titanic-machine-learning-from-disaster,0.18556499481201197,
798,mwoolf-exploring-survival-on-the-titanic,0.6258790493011469,
799,myszkiewicz92-titanic-r,0.461399078369141,
800,nadavatar-titanic,0.5194020271301271,
801,naini05-titanic-voyage-of-life,0.2573561668396,
802,namluu-titanic,0.276476860046387,
803,nandidevi-exploring-survival-on-the-titanic,24.5469818115234,
804,naomi7-survival-on-the-titanic,24.558641910553003,0.737
805,naresh31-titanic-machine-learning-from-disaster,1.94150900840759,
806,narinder-titanic-survival-prediction,0.8341159820556641,0.754
807,nashit93-titanic-kaggle,1.6628589630127,
808,nashyegi-who-all-survived-the-titanic,1.93133497238159,0.773
809,natsu05-test-script-1-titanic,1.60190391540527,
810,naveennafee-titanic-survival,4.24151802062988,0.744
811,nayakswati-exploring-survival-on-the-titanic,0.18712115287780803,
812,nchosqd-titanic-primer,0.45286703109741205,
813,ndineth100-titanic-machine-learning-from-disaster,0.57689094543457,
814,neerajsomani4-titanic-survival-learning-by-raj,0.279040813446045,
815,nefise-exploring-survival-on-the-titanic,24.692101001739502,0.744
816,neillwhite0-titanic-survival-prediction-with-r,10.208353996276902,
817,nestorkrm-a-journey-through-titanic,0.190870046615601,
818,netrajmejari-titanic-survival-prediction,0.840912818908691,
819,neveldo-titanic-eda-predictions-attempt,45.94076800346371,0.742
820,newneter-titanic,0.905013084411621,
821,nguyenhoduy-duy-titanic,0.670135974884033,
822,nibedita84-my-first-kernel-titanic-survival-rate,5.48950386047363,0.756
823,nicholaskleong-exploring-survival-on-the-titanic,0.244102001190186,
824,nickwong64-trial-random-forest-with-titanic-dataset,0.048069953918457003,
825,nidi3544141-simple-titanic-random-forest,2.41431093215942,
826,niklasa-test1-titanic,0.331809997558594,
827,nileshvarshney1-titanic-predict-survival,1.98636698722839,
828,nimitshah-titanic,0.330348968505859,
829,niranjan0272-titanic-kaggle,0.30747580528259305,
830,nirmalnk-titanic-firsttry,0.225364923477173,
831,nishikantsinha59-titanic-survival-eda,3.1930570602417006,
832,nissimnabar-test-titanic,0.33052802085876504,
833,nithishthirmul-titanic-data-test1,0.374399900436401,0.744
834,nitinchan-titanic-ml-using-r,20.129645109176604,
835,nitingulati-titanic-data-survival,0.274326801300049,
836,nitinmukhija-predict-titanic-survivor,0.8200478553771969,
837,nitsbat-random-forest-on-titanic-problem,4.52174997329712,
838,nitsbat-titanic-first-visualization-on-the-basis-of-title,4.19555807113647,
839,nkummer-exploring-titanic-survival-rates,0.997668027877808,
840,noahbjohnson-r-logistic-regression-titanic,0.45293688774108903,
841,nowanilfideme-titanic-first-kaggle-kernel,0.905976057052612,
842,nozzo1-my-titanic-r-entry-2,8.567034006118769,0.754
843,nrajani-titanic-first-code,0.40359902381896995,
844,nrutyam-predictions-on-titanic,1.29500889778137,0.758
845,nshakhat-titanicfirststeps,0.73206901550293,
846,nshrest-titanic-a-very-first-step-54f223,2.32728099822998,0.766
847,ntguardian-titanic-notebook,0.041888952255249,
848,nulldata-understanding-dplyr-verbs-with-titanic-dataset,1.03788018226624,
849,odujokod-exploring-survival-on-the-titanic,28.350852012634302,0.744
850,oeahrluyao-titanic-model,0.861433029174805,
851,oindrilasen-what-if-i-had-boarded-titanic,1.92715787887573,
852,oldflag-exploring-survival-on-the-titanic-inr-frommegan,27.814568042755102,0.744
853,onenonlykpro-titanic-attempt-v2,2.43537402153015,
854,onenonlykpro-titanic-attempt-v3,2.31855082511902,
855,orbanjan-exploring-survival-on-the-titanic-new,27.5028700828552,0.744
856,oreddo-exploring-survival-on-the-titanic,28.99658203125,0.742
857,outofthebox012-titanic-randomforest-starter-with-eda,1.5446679592132602,
858,overdose-titanic-basic-modelling,0.862740993499756,0.758
859,panda1023-svm-example-for-titanic,0.686197996139526,0.754
860,pandeydivesh16-a-journey-through-titanic,0.22562909126281697,
861,pantelisvlachas-exploring-survival-on-the-titanic,28.264909982681303,0.744
862,paras33-exploring-survival-on-the-titanic,0.29197621345520003,
863,partha8vijayan-titanic-disaster,2.71684694290161,
864,parthchaudhary-titanic-submission,3.94144105911255,0.744
865,patilpravin-titanic-1,0.9741780757904049,
866,patkakou-titanic-challenge-r,0.21358299255371102,
867,patriciod-titanic-datalab,0.20958805084228502,
868,paulbisto-r-titanic-script-practice,3.0290641784668,0.763
869,paulocressoni-titanic-using-stepwise-linear-regression,0.9562289714813229,0.756
870,pavani2018-titanicr-random-forests,1.36824703216553,0.751
871,pavanvavilapalli-c50-titanic-survivors-prediction,0.21195411682128898,
872,pcminers-exploring-survival-on-the-titanic,28.164740085601803,0.744
873,pcminers-titanic-survival,0.40965199470520003,
874,pcurry-startertitanic,0.690054178237915,
875,pdxshark-first-titanic-analysis,0.317038059234619,
876,pearlspho-predicting-survival-on-the-titanic,3.02763605117798,
877,pearlspho-predicting-titanic-survival,0.326184988021851,
878,pedroth-mytitanic,0.304440975189209,
879,peggy88-titanic-data-eda-by-peggy,0.9363448619842529,0.758
880,pengelinliu-exploring-survival-on-the-titanic-peng,28.409371137619,0.744
881,peopletrees-stan-on-the-titanic,2.14080405235291,
882,pepperz-titanic-survival-analysis-using-r,1.3660349845886202,
883,petenice-titanickernel,3.7995448112487797,0.567
884,petrodatatoenergy-exploring-survival-on-the-titanic,28.1665859222412,0.744
885,phoanghuong86-exploring-survival-on-the-titanic,28.560425043106104,0.744
886,phoenixzx6r-titanic,0.818243980407715,
887,phubert-mackenzie-bigdata-titanic-knn,13.779790163040198,0.574
888,phubert-titanic-mackenzie-aula05,12.348118066787698,
889,phubert-titanic-mackenzie-aula07,1.2784871816635102,0.778
890,phubert-titanic-mackenzie-aula08,6.496891021728519,0.684
891,phubert-titanic-mackenzie-aula10,1.89333295822144,
892,pippobaudos-test-r-script-on-titanic,0.0508589744567871,
893,pitesatit-titanic,0.0418739318847656,
894,pivanov-titanic-data-exploration,1.3396577835083001,
895,piyush246-titanic-survival-prediction,1.74963307380676,
896,piyushjhamb-predicting-titanic-survival,1.1219663659731498,0.737
897,pjacob-titanic-first-r,0.618296146392822,
898,pjmcintyre-titanic-first-kernel,3.1849350929260294,
899,pliptor-optimal-titanic-for-gender-only-0-7655,1.16916394233704,0.744
900,pliptor-optimal-titanic-for-pclass-only-0-65550,1.2044861316680902,0.699
901,pliptor-r-titanic,0.322061061859131,
902,pmahendra132-exploring-survival-on-the-titanic,0.202950000762939,
903,pmw9440-negative-binominal-regression-for-titanic,3.4066970348358194,
904,poojagulati-exploring-survival-on-the-titanic,0.219875812530518,
905,poornimashanbhag-titanic-poo,0.328081846237183,
906,popularmit-first-r-in-titanic,21.073179960250897,
907,prabhulingayya-titanic-prediction-using-logistic-regression,0.34487295150756797,0.746
908,prachimalusare-exploring-survival-on-the-titanic,28.412045955658,0.744
909,pradeeptripathi-prediction-of-titanic-survival-using-r,26.8095960617065,0.751
910,pradeeptripathi-prediction-of-titanic-survival-using-random-forest,26.668039083480803,0.751
911,pranavsid-analyzing-the-titanic-disaster,1.00487112998962,0.768
912,pranaytiwari-titanic-data-analysis-rf-prediction-0-81818,3.89899396896362,0.763
913,pranjal05-titanic-disaster-survivers,1.1958940029144298,
914,prasadsawant1107-predicting-survival-on-titanic,1.73822903633118,0.758
915,praveenprashant-titanic-newbie,0.4927978515625,
916,predact-easy-r-titanic-predictive-model,2.6499490737915,0.754
917,preritsaxena-fork-of-ml-basics-on-titanic-data,3.7893891334533705,0.763
918,preritsaxena-ml-basics-on-titanic-data,3.1890809535980202,
919,pri6242-titanic-prediction,1.2746720314025901,
920,priyankgupta86-a-journey-through-titanic,0.21155095100402802,
921,proj20-exploring-survival-on-the-titanic,28.3967878818512,0.744
922,psawant-a-journey-through-titanic,0.19943904876708998,
923,psystat-titanic-lightgbm-modeling-with-r,1.29910492897034,
924,pyy0715-titanic-analysis-with-r-rf-xgb,18.8413841724396,
925,pyy0715-titanic-data-analysis-with-r,9.450773000717161,
926,qianbi-titanic-logistic,0.293961048126221,0.737
927,qianbi-titanic-logistic-2,3.8855938911438,0.751
928,qianbi-titanic-nnet,3.9697639942169203,0.73
929,qianbi-titanic-randomforest,4.33166599273682,0.754
930,qianbi-titanic-rpart,0.55147910118103,0.761
931,qianbi-titanic-rpart-2,3.886390209198,0.761
932,qianbi-titanic-rpart-3,3.59496212005615,0.763
933,qianbi-titanic-svm,3.94583106040955,0.754
934,qianbi-titanic-voting,18.609266042709397,0.73
935,qianbi-titanic-voting-2,4.702383995056151,0.754
936,qinyuan210-titanic-case,0.7044169902801509,
937,qlzdq5688-titanic,0.5045940876007079,
938,quark6-1st-project-titanic,0.874496936798096,
939,quark6-titanic-work,5.1774590015411395,0.754
940,quentinalais-kerneltitanicquentin,0.549015998840332,0.749
941,r0zeabi-a-journey-through-titanic,0.21570396423339802,
942,rafaelmdourado-hello-titanic-programmers,1.4945819377899199,0.758
943,raffeyhassan-titanic-data-test,1.29458212852478,
944,raghamec-titanic-r-raghav,0.43876791000366205,
945,rah5ff-exploring-the-titanic-survival,0.0439050197601318,
946,rahul169-titanic-prediction,1.92123985290527,0.129
947,rahulab-a-journey-through-titanic,0.21263694763183602,
948,rajasekara-titanic-survival-prediction,4.761480808258059,0.763
949,rajashri-titanic-r,1.40108585357666,
950,rajiv1990-titanic-notebook,0.227888107299805,
951,rajnikanth-titanic-data,0.36930489540100103,
952,rakesh2010-eedp-titanic-disaster-predict-passenger,0.39107799530029297,
953,rameshmalinda-exploring-survival-on-the-titanic,0.215720891952515,
954,rameshmalinda-titanic-disaster-newcomer,0.8255290985107421,
955,ramkumarr02-titanic-dataset-random-forest-via-caret,0.20409107208251998,
956,ramoes-stepwise-logistic-regression-titanic-survival,2.28139209747314,
957,ramoes-stewise-logistic-models-on-titanic-survival,2.14786696434021,
958,ramyakoneru-titanic,0.27876377105712896,
959,ranaalisaeed-fitting-tree-pruned-rf-bagging-to-titanic,0.399274110794067,
960,raquelspain-titanic-prediction-on-r,2.36749291419983,
961,raubsaurier-titanic-notebook,0.0474691390991211,
962,ravihela-titanic-survival,2.69797587394714,0.758
963,ravikaushik2372-titanic-prediction-thru-ml,0.5728909969329828,
964,ravikrishnareddy-titanic-survival-prediction,16.699411153793303,0.751
965,rayuga-exploring-survival-on-the-titanic,24.554289102554304,0.744
966,rbizoi-predict-survivors-of-titanic,6.97184300422668,
967,rboimistruk-titanic-survivals-analysis,35.529687881469705,0.773
968,redfoongus-titanic-using-r-and-randomforest,0.777251005172729,
969,redhorse93-r-titanic-data,7.47926688194275,
970,redroy44-tidy-titanic-script,1.4328689177831,0.77
971,reemii-titanic,0.681931972503662,
972,rejwus-exploring-survival-on-the-titanic,0.20861506462097198,
973,reneboy-sample-titanic-decision-tree,2.48958396911621,
974,renegarxia-titanic-r,6.63848209381104,0.761
975,rennocks-titanicmodel,3.69896697998047,0.744
976,researchbigd-titanic-forkedfrommeganscript,28.695338010788003,0.734
977,researchbigd-titanic-r-researchbigd,1.1007010936737098,0.758
978,retrospectprospect-titanic-machine-learning-from-eda-to-xgb,6.75561499595642,0.763
979,revanchist95-titanic-a-learning-experience,3.3713290691375697,
980,revolution4all-titanic-machine-learning-from-disaster-2,0.40831995010376,
981,revolution4all-titanic-machine-learning-from-disaster-3,1.08627915382385,
982,rganapathy-titanic-exploring-passengers-profile,20.9001591205597,
983,rhitamjeet-titanic-tutorial-eda-arm-ensemble-learning,2.60085797309875,
984,rhyando-r-embulan-titanic,3.6053650379180895,0.722
985,rhyando-r-embulan-titanic-notebook,2.7776432037353502,0.722
986,richardbanh-titanic-notebook-1,0.65451717376709,
987,richarlee-a-journey-through-titanic,0.19132399559021,
988,riletti-titanic,0.5545899868011469,
989,rion778-titanic,1.50180411338806,
990,riquebrandao-a-journey-through-titanic-51b7b0,0.20467305183410603,
991,rise3812-titanic-2-decision-tree,0.0392961502075195,
992,rise3812-titanic-decision-tree-2,0.0379409790039062,
993,rise3812-titanic-randomforest,0.035801887512207,
994,rishabh1khurana-titanic-visualization,0.574687957763672,
995,ritheshsb-titanic-first-dataset-on-kaggle,0.6642079353332521,
996,rivinwita-exploring-survival-on-the-titanic-test,28.3529717922211,0.744
997,rizo83-rense-s-titanic-kernell,0.7987461090087891,
998,rjhere23-predictive-analysis-of-survival-rate-on-titanic,2.75277304649353,0.758
999,rkapoor3-test-1-titanic,0.6159398555755621,
1000,rkiselev-titanic-decision-tree,0.670088052749634,
1001,rkumar3147-exploring-survival-on-the-titanic1,30.5755660533905,0.502
1002,rmenendezm-exploring-survival-on-the-titanic,27.671928882598902,0.744
1003,robbertjan94-titanic-survival-competition,0.31506013870239297,
1004,robertoharuo-titanic-random-forest,4.179043054580689,
1005,robsonfveiga-titanic,0.0477228164672852,
1006,rodericksd-dr-titanic-on-kaggle,0.26843619346618697,
1007,rodericksd-dr-titanic-on-kaggle-8-28,0.277695894241333,
1008,rodericksd-dr-titanic-on-kaggle-9-1-2016,0.28059792518615695,
1009,rodericksd-dr-titanic-on-kaggle-9-12-2016,2.72053503990173,
1010,rodericksd-dr-titanic-on-kaggle-9-13-2016,2.63790893554688,
1011,rodericksd-dr-titanic-on-kaggle-9-15-2016,2.40522313117981,
1012,rodericksd-dr-titanic-on-kaggle-9-15-2016-part-2,6.19361805915833,
1013,rodericksd-dr-titanic-on-kaggle-9-2-2016,2.08186292648315,
1014,rodericksd-dr-titanic-on-kaggle-9-5-2016,2.06466388702393,
1015,rodolpho27-desafio-titanic-em-naive-bayes,1.22597694396973,
1016,rogrezende-titanic-sinking-analysis,10.483252048492401,0.675
1017,rogrezende-titanic-sinking-survival-analysis,0.29589295387268105,
1018,rohanshingade803-titanic-machine-learning-1,0.25662803649902305,
1019,rohit1996-titanic-1,0.36082100868225103,
1020,rojre1979-exploring-survival-on-the-titanic,0.258055925369263,
1021,romabash-titanic-data-visualization,1.12733006477356,
1022,roman90-training-script-titanic,0.882965087890625,
1023,ronchi-project-titanic,14.9458470344543,0.768
1024,rooshbald-titanic-exploration-and-logistic-regression,2.27495408058167,
1025,roryhny-fr-predictions-sur-le-titanic,36.4693350791931,
1026,rowanlaw-titanic-trial-20170305,0.738110065460205,
1027,rpalsaxena-titanic-eda,0.838825941085815,
1028,rskn1987-titanic-machine-learning-from-disaster-code,5.06746915181478,
1029,rtochtermann-titanic-data-exploration-with-r,0.0613460540771484,
1030,rtreit-kaggle-titanic-tutorial,37.1051700115204,0.749
1031,ruaram-exploring-survival-on-the-titanic,0.9983549118041991,
1032,ruthvikarepalle-titanic,0.6844210624694821,
1033,rwhitcomb-titanic-r-test-project,0.98633599281311,
1034,ryantillis-how-to-survive-the-titanic-a-data-voyage,7.52263689041138,
1035,ryost20-titanic-submission,2.5160460472106903,
1036,ryukojin-exploring-survival-on-the-titanic,27.7777800559998,0.744
1037,sabrinahan-data-visualization-about-titanic-2,4.44560098648071,
1038,saganoky-titanic-script,1.9566979408264198,
1039,sahilg-exploring-and-predicting-titanic-dataset,0.662170886993408,
1040,sajithdata-first-submission-titanic-copy-from-someone-else,1.31283688545227,
1041,salomao2005-titanic-new-view,1.28181763092677,0.754
1042,samantha115-titanic-data-science-analysis,0.658700942993164,
1043,samilyak-titanic,0.48078393936157204,
1044,sampadab17-titanic-survival-using-gbm,15.9674909114838,
1045,samuelh-barebones-titanic-logistic-regression-test,4.46237301826477,0.768
1046,sandeepcrpunk-titanic-survival-prediction-r,0.48252201080322293,
1047,sandeeppatra-titanic-disaster,0.210453987121582,
1048,sandraezidiegwu-exploratoryanalysis-prediction-titanic,1.61690402030945,0.744
1049,sanjoybijoy-titanic-ml-prediction-using-randomforest,5.6602070331573495,
1050,sanjuktamitra1208-titanic-data-preparation-and-model-building-in-r,0.228424072265625,
1051,saptarockz-titanic,0.33965802192688005,
1052,saravrkrish89-titanic-dataset,0.0560071468353271,
1053,sarunaskas-titanic,0.336513996124268,
1054,satishbarnala-barntitanic,0.351935863494873,
1055,saulmb93-titanic-survival,0.732593059539795,
1056,sausen7-titanic-first-kernel,3.5112099647522004,0.773
1057,sawajid-titanic-test,0.266913175582886,0.648
1058,sbeacon-firstkerneltitanic,0.59161901473999,
1059,schatt-titanictest,0.287504911422729,
1060,schristd-a-journey-through-titanic,0.19071888923645,
1061,scottdaniel-exploring-survival-on-the-titanic,23.6543180942535,
1062,scottdaniel-mice-and-caret-for-titanic-survival-prediction,1.8111429214477501,
1063,scout16-titanic-disaster-in-r,0.65402889251709,0.744
1064,sdaveds-exploring-survival-on-the-titanic,0.188305139541626,
1065,sdeepakc-exploring-survival-on-the-titanic,26.297070980071997,
1066,seajaye-titanic-logistic-regression-0-78947,1.0511510372161899,0.763
1067,seanangio-predicting-titanic-survival,2.4557217001915,0.739
1068,seongwan-titanic-by-wan,0.323718070983887,
1069,seshadrikolluri-predicting-survival-on-titanic,22.429700851440398,0.746
1070,sgk284-exploring-survival-on-the-titanic,1.2763710021972698,
1071,shanchuanruge-exploring-survival-on-the-titanic,26.656426906585697,
1072,shanmugamvallam-titanic-machine-learning-solutions,0.567813158035278,
1073,shansari25-exploring-survival-on-the-titanic,0.8150889873504642,
1074,shapaglogeo-titanicwreck,0.309416055679321,
1075,shashaalam-exploring-the-titanic-dataset,0.935702085494995,
1076,shashank74-titanic-disaster-data-exploration-and-modelling,4.0891649723053,0.754
1077,shashankkhare-titanic,0.8145709037780758,
1078,shashankseth-basic-eda-and-ml-on-titanic-dataset,1.53606295585632,0.749
1079,sheepishly-henry-titanic,0.286777973175049,
1080,sherrywangjy-titanic-machine-learning-from-disaster,2.81108498573303,0.756
1081,shikharparashar-exploring-survival-on-the-titanic,27.585333108902002,0.744
1082,shindeprash96-titanic-exploration-and-visualization,1.31432700157166,
1083,shivam2190-exploring-titanic-data,0.196599006652832,
1084,shivong27-titanic,0.467520952224731,
1085,shradz18-exploring-survival-on-the-titanic,25.1903729438782,
1086,shreedevi-titanic-r-tutorial,12.5887360572815,
1087,shreyasbakre-titanic,0.72264289855957,
1088,shridhar1991-exploring-survival-on-the-titanic,27.064456939697298,0.744
1089,shridhar1991-randomforest-implementation-of-titanic,0.566809177398682,0.758
1090,shtkddud-sangtitanicdecision,0.435012817382812,
1091,shubham1-titanic,0.509971857070923,
1092,shubham1-titanic-sa,0.30230402946472196,
1093,shubham15-titanic-prediction,0.36600899696350103,
1094,shujiaohuang-titanic-r,0.297502040863037,
1095,sidbhargava-titanic-test,1.52018594741821,
1096,siddharthoza-sid-s-code-titanic,0.4017050266265871,
1097,sidhere-exploring-survival-on-the-titanic,29.184042930603,0.744
1098,sidv1993-titanic,0.818742036819458,
1099,simulacra-tidytitanic-with-h2o,2.67550587654114,
1100,sinbik-titanic1,0.5021700859069821,
1101,sirjackshen-titanic-1,0.7080841064453121,
1102,sivapallem-titanic,0.72701096534729,
1103,sivasateeshi-titanic1,43.2175300121307,
1104,sjkerr-exploring-the-titanic-data-set,2.8277370929718,
1105,skhawaja-titanic-disaster-survival-099,27.2206380367279,0.742
1106,skrakesh5-test-titanic,0.46951603889465293,
1107,skxsephiroth-runtitanicscript,0.302175998687744,
1108,slnadh-titanic-survival,0.29887294769287104,
1109,smit072-titanic-initial-test,0.199058771133423,
1110,snayak88-titanic,0.30054497718810996,
1111,sociopath00-sociopath-titanic,0.641988039016724,0.758
1112,somtom-titanic-random-icebergs,1.8481041669845601,0.725
1113,sona58-titanic-using-r,56.739266872406,
1114,soumyadtps-demo-titanic1,0.317724943161011,
1115,souravstat-beginners-titanic,1.4841794013977,
1116,sousaplex-titanic-first-r,0.878073930740356,
1117,sriethig-firstkagglecompetition-titanic,0.329697132110596,
1118,srikanthnuka-titanic-not-all-family-specified-on-boarded,6.41437888145447,0.732
1119,srikantjyrmn-titanic-survivor,25.8611571788788,0.746
1120,srikarnamburu-exploring-survival-on-the-titanic,28.2853529453278,0.744
1121,srinivasarajui-srini-s-r-based-titanic-solution,0.6550209522247309,
1122,srinivasarajui-srini-s-r-titanic-solution,2.14763307571411,0.758
1123,sriramv16-titanic,0.316544055938721,
1124,stark10war-titanic-survival-prediction-r-script,2.33646297454834,
1125,statinstilettos-titanic-survivals-random-forest,2.13203191757202,
1126,stevencahill-titanic-machine-learning-from-disaster,0.31154203414917,0.744
1127,stevengolo-titanic-machine-learning-from-disaster,4.54597616195679,0.768
1128,stevnkam-prediction-survivant-titanic-french-version,0.21101713180542,
1129,stevnkam-titanic-expliquee-en-fancais,0.772079944610596,
1130,sthomson-titanic-v1,0.643330812454224,
1131,stoppie-titanic-svm-model-accuracy-83,3.9853518009185804,
1132,strangecoder69-titanicdoobi,0.32450699806213396,
1133,sudheer464-prediction-1-on-titanic-dataset,0.27277898788452104,0.648
1134,sugiyaaan-titanic-moto,1.05614495277405,
1135,sumedhai26-titanic-project,0.4034140110015871,
1136,suncor-titanic-logistic-regression,0.526419878005981,
1137,sunilmite-testtitanic,0.296901941299438,
1138,sunilmite-titanic-sample-analysis,0.325907230377197,
1139,sunnyzhehanzhu-titanic,0.9113430976867679,
1140,supratik-titanic,0.34262681007385304,
1141,supriya675-titanic-prediction-simplified-for-beginners,1.0033640861511202,0.77
1142,suraj915-titanic-suraj,0.750647068023682,0.761
1143,surajit2017-surajit-2017-titanic-r,0.278568029403687,
1144,suribes-titanic-survive-analysis,1.78449702262878,
1145,suryamoitra-exploring-survival-on-the-titanic,0.21008992195129397,
1146,sverkot-titanic-survival,0.290385007858276,
1147,swamysm-beginners-titanic,1.36638181606929,
1148,swap9047-titanic-analysis,0.698332071304321,
1149,swatishukla-exploring-survival-on-the-titanic,26.3826241493225,0.744
1150,syleeie-jetbrain-day-kr-2018-titanic-prediction,3.23678302764893,
1151,sylphsangeeta-titanic,3.76778793334961,0.754
1152,szweiwu-titanic-random-forest-vs-logistic-regression,0.43963599205017106,
1153,tabouzid-exploring-survival-on-the-titanic,26.759701013565103,0.744
1154,tadeucomp-titanic,0.8243238925933841,
1155,taniagiri22-titanic-randomforestv1,0.87785005569458,
1156,tarcisob-predicting-titanic-survivals-initial-version,2.2356078624725297,
1157,tavoosi-predicting-survival-on-the-titanic-with-rf-lr-nb,38.3951330184937,0.77
1158,teeradol-r-titanic-predictive-modelling,0.652743101119995,
1159,tenesmus-exploring-survival-on-the-titanic,26.227632999420198,
1160,terfilip-titanic,5.35214495658875,0.763
1161,terkelbo-r-kernel-titanic,0.880351066589355,
1162,tessacooper-exploring-survival-on-the-titanic,28.0278651714325,0.744
1163,tessacooper-exploring-survival-on-the-titanic3,27.107434988021897,0.744
1164,tetyama-trial-titanic,25.0747740268707,0.744
1165,tetyanal-a-fresh-look-at-titanic,0.0396451950073242,
1166,th1460-titanic,0.46487283706665,
1167,thalesgaluchi-my-first-kernel-in-titanic,0.228679895401001,
1168,theexodiuss-titanic,0.649512052536011,
1169,thegandhi-titanic-practice,0.770384073257446,
1170,theraytracer-titanic-r,5.069047518571219,
1171,thilakshasilva-predicting-titanic-survival-using-five-algorithms,1.1127995173136398,0.737
1172,thilinapiyadasun-titanic-my,0.705493927001953,
1173,thilinapiyadasun-titanic-my-2,0.25136709213256797,
1174,thinktheta-abctitanic1,0.29075694084167497,
1175,thinktheta-abhinavtitanic1,0.284060001373291,
1176,thir13enth-mark-titanic,0.601325035095215,
1177,thoolihan-titanicedainr,0.0398900508880615,
1178,thyrland-tuto-titanic,0.0342581272125244,
1179,timothychenallen-titanic-r-randomforest,2.84382200241089,0.751
1180,tinapai-predicting-titanic-survival,0.758726835250854,
1181,titaniclovesk-titanic-prediction,0.283726930618286,
1182,tjbaur-exploring-survival-on-the-titanic,24.656179189682003,0.746
1183,tnyont-who-survived-the-titanic-data-prep-and-analysis,1.27613997459412,
1184,tobiasdirksen-titanic-survivors,0.445020198822021,
1185,tobiasdirksen-titanic-test,0.31255006790161105,
1186,tobybot11-toby-s-titanic-analysis,0.7513480186462399,0.758
1187,tomaszw-predictive-analysis-of-survival-rate-on-titanic,2.65818905830383,0.758
1188,tomek87-titanic,0.29149794578552196,
1189,tommyn94-predicting-survival-on-the-ms-titanic,1.6493861675262498,
1190,tomorrowready-titanic-dd-1,0.26195216178894004,
1191,tomsitek-titanic,0.292656898498535,
1192,tomwoudenberg-intro-titanic,0.29131007194519004,
1193,tosnaldo10-titanic-challange,3.2639632225036603,0.754
1194,tracyb-titanic-randomforest,0.47306919097900396,
1195,traumong-my-first-ml-titanic,5.06776033639908,
1196,traumong-my-first-practise-kaggle-titanic,6.54086184501648,
1197,traumong-my-first-practise-ml-titanic,7.9552800655365,
1198,traumong-my-first-step-in-ml-titanic-analysis,5.0657630999883,
1199,traumong-my-first-task-in-ml-predict-survival-in-titanic,0.266577959060669,
1200,traumong-my-first-task-ml-titanic,6.99594807624817,
1201,traumong-titanic-survey,0.787325143814087,
1202,trsekhar123-title-of-names-in-titanic-dataset,2.01315307617188,
1203,truenomad-titanic-predictive-analysis-of-survival-rate,1.7032749652862502,
1204,trustmeimadoctor-titanic-script,0.311921834945679,
1205,trvrmgn-exploring-survival-on-the-titanic,27.9799897670746,0.744
1206,tsfitz-titanic,2.41667604446411,0.766
1207,tukichen-titanic-r-random-forest,1.88529801368713,
1208,turntrout-rudimentary-titanic-data-exploration,1.23799800872803,
1209,turntrout-titanic-data-exploration,0.9768741130828861,0.763
1210,tusharbajaj91-titanic-prediction-using-caret,2.3662738800048797,
1211,tuxoff-titanic-test-322,0.47680997848510703,
1212,ufocdy-a-journey-through-titanic,0.197641134262085,
1213,umranabdulla-titanic,0.291913032531738,
1214,uokoroafor1-titanic-learning-a-first-attempt,0.29967212677002003,
1215,upperbounder-trial-with-titanic-data-on-kaggle,0.332386016845703,
1216,urbanvillager-sinking-with-titanic1,5.0656675855318705,
1217,ushasri-titanic-2nd-degree-families-and-majority-voting,14.1496579647064,0.797
1218,utkarsh1997-kaggle-titanic-rf,2.1801819801330597,0.768
1219,utsavbhargava-utsav-titanic,0.301393985748291,
1220,uvcelokesh-titanic-survivor-analysis-different-perspectives,3.57413101196289,0.749
1221,vaibhav24-titanic,0.713735818862915,
1222,vaibhavsikka-titanic-disaster-my-first-submission,2.72865581512451,
1223,vannho-titanic,1.55209708213806,
1224,varimp-a-mostly-tidyverse-tour-of-the-titanic,2.8062500953674303,
1225,vasuls-predictive-analysis-of-survival-rate-on-titanic,2.74064993858337,0.758
1226,vaziry-script-titanic1,0.28060603141784696,
1227,vedantpawar-titanic-are-you-ready-for-it,1.02315711975098,
1228,veerabhadrappa-exploring-titanic-data-using-r,0.599035978317261,
1229,venkadeshk-titanic-machine-learning-disaster,0.635555028915405,
1230,venkatalaxmi-titanic-r,0.918992042541504,
1231,venkatko-titanic-survival,0.7613549232482909,
1232,venkatko-titanic-survival1,32.226943016052196,0.744
1233,venkatramakrishnan-titanic-predictions-with-decision-tree,0.47477293014526395,
1234,vibhasg-exploring-survival-on-the-titanic,32.2917349338531,0.744
1235,vibinscat-exploring-survival-on-the-titanic,1.1181449890136699,
1236,vickieip-titanic,0.63271689414978,
1237,victorgomes-eda-on-titanic,1.1740541458129898,
1238,vihangpatil-first-model-on-titanic-dataset,42.172986030578606,
1239,vikas08-titanic,0.633871078491211,
1240,vikasdubey-titanic-survival-prediction,2.68022799491882,
1241,vikasht34-titanic-rf-prediction-0-81818,3.19834399223328,0.763
1242,vikramatjob-exploring-survival-on-the-titanic-var1,26.1113312244415,0.744
1243,vikramatjob-exploring-survival-on-the-titanic-var2,45.871855974197395,0.744
1244,vikramatjob-exploring-survival-on-the-titanic-var3,2.97093415260315,
1245,vinayhp83-titanic-data-science-solutions,0.21817588806152302,
1246,vincentlugat-titanic-data-analysis-rf-prediction-0-81818,3.42411994934082,0.763
1247,vinchan-titanic-r,0.83722710609436,
1248,vinicius35-titanic-random-forest-r-with-h2o,0.21475601196289104,
1249,vinik62-titanic-pblm,0.49594688415527294,
1250,vinylasphalt-titanic-test,0.32708406448364297,
1251,viraltank-the-titanic,5.06745049953461,
1252,virgodata-exploring-survival-on-the-titanic,28.5617828369141,0.744
1253,virinchi4-titanic-analysis,0.490977048873901,
1254,vishaljc77-titanic-learn,0.323606967926025,
1255,vishaljindal0-titanic-r-code,5.76865291595459,0.751
1256,vishnusaiv-titanic-data-analysis,1.39934420585632,0.761
1257,vishy730-titanic,0.299834966659546,
1258,vizcharlie-exploring-survival-on-the-titanic,29.768620967865,0.502
1259,vladtasca-titanic-random-forest-80,0.534313201904297,
1260,vranovaz-titanic,0.5641219615936279,
1261,vrkhare-a-journey-through-titanic-e2bae8f5,0.19922304153442397,
1262,vyordanov-titanic-disaster-logistic-regression-0-7655,3.87580299377441,0.749
1263,wafabenaissa-titanic-data-science-solutions,0.203420877456665,
1264,waithira-titanic-analysis-with-r,2.8401057720184304,0.761
1265,waiyujack-titanic-random-search-in-r,1.36246229807536,0.744
1266,wallone-sample-titanic,0.5166790485382079,
1267,walterblair-titanic-learnin,0.0403189659118652,
1268,wangjue444-exploring-survival-on-the-titanic,0.5456309318542479,
1269,warrenelder-titanic-survival-prediction,2.01826500892639,
1270,wassimben-will-the-titanic-passengers-survive,2.3240950107574503,
1271,waypointgroup-fill-in-missing-age-data-in-titanic-data-set,2.8676760196685804,
1272,wellingtonfsouza-modelagem-titanic-com-r,0.47450590133667,
1273,wendyzhang1020-exploring-survival-on-the-titanic,26.340848922729503,0.744
1274,windowbyryeol-kernel-titanic,19.9503271579742,0.763
1275,wjsutton-exploring-surviving-the-titanic,5.05674982070923,0.77
1276,wogarch-wogarch-titanic,0.8229680061340329,
1277,wolfcastle21-titanictest,0.0412070751190186,
1278,woliveira-hello-titanic,1.4109179973602302,0.758
1279,wongalan2002-titanic-with-neural-network,8.04981207847595,0.739
1280,wongseza-my-titanic,0.910427093505859,
1281,wtjw1993-predicting-survival-on-the-titanic,1.4715899984041798,0.754
1282,xahidx-scripttest-titanic,0.606678009033203,
1283,xahidx-testtitanic,0.259123086929321,
1284,xenots-titanic-pred-r,0.500292062759399,
1285,xfzhang1030-a-journey-through-titanic,0.191242933273315,
1286,xinqing100-a-journey-through-titanic,0.190476894378662,
1287,xliang-titanic-survival-prediction,2.55652054945628,0.749
1288,xpanchito380-titanic-disaster,0.455034971237183,
1289,xuhuiz0918-initial-eda-and-lm-on-titanic-dataset,1.80184006690979,0.761
1290,xxxmatxxx-titanic-getting-started-with-randomforest,25.0112309455872,0.744
1291,xxxw567-nemotitanic,0.566190004348755,
1292,xzvtt0611-exploring-survival-on-the-titanic,1.03536081314087,
1293,yangfantrinity-logistic-regression-model-for-titanic,0.039060115814209,
1294,yangfantrinity-titanic,0.574609994888306,
1295,yashgaurkar-titanic-survival-prediction,0.276247024536133,
1296,yashgaurkar-titanic-survival-story,0.28051185607910195,
1297,yatingxu-yating-titanic-rf,0.804498195648193,
1298,yinpatt-patrick-s-titanic,1.2261049747466999,0.756
1299,yizhouwang-exploring-survival-on-the-titanic,27.5275411605835,0.744
1300,ymemari-titanic,0.6553552150726321,
1301,yoanbid-titanic-survival-prediction-model,4.58265495300293,
1302,youhe2482-titanic-a-very-first-step,2.3143119812011697,0.766
1303,youyifong-titanic-dl,1.06066393852234,
1304,yuanwxu-exploring-survival-on-the-titanic,25.6487650871277,0.742
1305,yugrao-exploring-survival-on-the-titanic,24.6107130050659,0.744
1306,yugrao-titanic,0.642472982406616,0.751
1307,yugrao-titanic-n,25.458293914794897,0.744
1308,yugrao-titanic2,0.5133929252624511,0.751
1309,yushui-titanic-notebook,0.659898042678833,
1310,yyvess-titanic-exploring-passengers-profile,19.7886960506439,
1311,z888888861-exploring-survival-on-the-titanic,25.059028148651098,0.744
1312,zachgo-titanic-submission1,24.8740270137787,
1313,zahoorahmad-titanic-2nd-degree-families-and-majority-voting,14.275346994400001,0.797
1314,zahraatashgahy-r-titanic-1,0.32872414588928195,0.754
1315,zak1729-test-titanic,0.647604942321777,
1316,zakhumalo-fork-of-titanic-problem-attempt-1,1.07886600494385,0.77
1317,zardabab-titanic,0.397006034851074,
1318,zerafachris-titanic-r,0.9764428138732909,
1319,zhangyan0623-titanic-analysis,4.103312969207759,
1320,zhaotianjing-titanic,0.28095602989196805,0.648
1321,zhaotianjing-titanic-v2,0.316668033599854,
1322,zhengzhishui-titanic,0.31321001052856395,
1323,zhxiangxyang-titanic,1.08936905860901,0.756
1324,zossimov-exploring-survival-on-the-titanic,0.5544939041137701,0.758
1325,zrafiws-predictive-analysis-of-survival-rate-on-titanic,1.96946907043457,
1326,zsarahz-titanic-analysis,0.29683613777160606,
1327,ztem11011-ztemtitanic,0.6217849254608149,
1328,ztem11011-ztemtitanic-1,4.22513699531555,
