"dir","t"
"a1112111a-neural-network-example-using-titanic-dataset","13.8995170593262"
"aabidkhursheed-titanic-day1","0.814243078231812"
"aadishchopra-titanic-by-aadish","3.62716889381409"
"aadishchopra-titanicaadish","2.69661903381348"
"aaguilar13-titanic-challenge-a-smorgasbord-of-ml-models","14.0993089675903"
"aaminnej-titanic-rf","0.956628084182739"
"abahl88-titanic-disaster-survival-analysis","1.87366414070129"
"abahl88-titanic-survival-analysis","0.0752561092376709"
"abedben-exploring-survival-on-the-titanic","26.0234701633453"
"abedben-titanic-test","0.814640998840332"
"abhayjindal-exploring-survival-on-the-titanic","25.7182919979095"
"abhinav15feb-huston-we-have-a-titanic","1.02749085426331"
"abhinavkapula-titanic-survival-prediction","1.15079402923584"
"abhinavralhan-exploring-survival-on-the-titanic","24.2514300346375"
"abhirupalodh-titanic-survival-prediction-using-r","0.687328815460205"
"abhisheek-titanic-v1-0","0.58716082572937"
"abinavramesh-titanic-analysis-no-extra-features","5.47274899482727"
"ablearcher-my-titanic","17.7939639091492"
"achristopherson-titanic-predictions","1.08285135030746"
"acrespop-titanic1","1.74575901031494"
"adambarnes-titanic-first-random-forest","1.96849679946899"
"adelmans-titanic-tutorial","0.21143102645874"
"adharshrajaram-titanic-hello-world","1.51492404937744"
"adistars-a-journey-through-titanic","0.191872119903564"
"aditinandwana-an-titanic","0.59503698348999"
"adktyakirloskar-titanicsubmmission","1.93016195297241"
"adrian1acoran-fork-of-titanic-desastre-43370d-dfb6b4","0.197000026702881"
"adrsok-titanic","1.34151911735535"
"aeintngon-titanic-exploratory-analysis","12.7652201652527"
"aer503-svm-for-titanic","0.47280216217041"
"aer503-titanic-exploring-survival-and-random-forest-test","3.24990200996399"
"agibilis-titanic-survival-prediction","2.1411030292511"
"ahoerman-titanic","0.604533910751343"
"aiuser-titanic-r-script-1","0.293461084365845"
"ajisamudra-survivor-of-titanic-prediction","0.716765880584717"
"akash110-titanic-ml-from-diaster","53.1086840629578"
"akramsayadi-exploring-survival-on-the-titanic","24.830050945282"
"alacerdan-a-journey-through-titanic","0.196923017501831"
"alaershov-titanic-r","0.610793113708496"
"alamgirm-predicting-survival-on-titanic-dataset","3.16960501670837"
"alasdairc-titanic","0.261584997177124"
"albertogonzalez-titanic-ensemble-model","2.40099596977234"
"albyedw-titanic-competition","1.30928958654404"
"alcazar90-first-incursion-to-the-titanic-disaster-and-kaggle","1.23812913894653"
"alediator-exploring-survival-on-the-titanic","0.640895128250122"
"alejandrorivas-titanic-beginners-principiantes-espa-ol","54.8925049304962"
"alexalexi-playing-with-titanic-data","3.16002297401428"
"alexandrakp-exploring-survival-on-the-titanic","24.9546051025391"
"alexandrarp-titanic-predictive-model-3-features-81-59","2.05637693405151"
"alexgomes3-titanic-with-r-datacamp-tutorial","0.729453086853027"
"alexindata-titanic-kernel-1st-run-r-caret-random-forest","1.87315583229065"
"alfonzo-exploring-survival-on-the-titanic","25.9138691425323"
"allanwbrooks-exploring-survival-on-the-titanic","25.4450800418854"
"allwin-my-first-decision-tree-titanic-preds","0.233678102493286"
"alma123-titanic","4.51978516578674"
"aloff41-titanic","0.208092927932739"
"aloktyagi1986-titanic-alok","0.67094612121582"
"alosat-titanic-eda-ctree","1.33527994155884"
"alosat-titanic-eda-plus-solution","1.26496005058289"
"alphoroz-titanic-survival","0.303469896316528"
"alwortman-titanic-test-script","1.98154592514038"
"amazzawi-titanic","1.19881892204285"
"ambalika-titanic-survival-analysis","0.601934909820557"
"amberthomas-predicting-survival-on-the-titanic","2.9247510433197"
"ambika04-titanic","0.395128011703491"
"ambika04-titanic4","0.398914813995361"
"ambikanair-exploring-survival-on-the-titanic","25.5769791603088"
"amit2312-titanic","0.457870960235596"
"amitchauhan-machine-learning-titanic-1st","0.789212942123413"
"amitjena05-titanic-data-analysis-in-r","0.0576319694519043"
"ammara-titanic-competition-script-using-rf-2","3.66900706291199"
"ammara-titanic-competition-using-boosting","3.20131397247314"
"ammara-titanic-competition-using-xgboost","1.18880200386047"
"amodi8-titanic-exploring-survival-using-machine-learning","0.756253957748413"
"amoyakd-titanic-randomforrest-v1-2","58.2196931838989"
"amrnasr-exploring-survival-on-the-titanic","0.782150983810425"
"amuthand-a-titanic-unpredicted-disaster-predicted","4.13554692268372"
"analyticsdojo-titanic-baseline-models-analyticsdojo-r","0.235374927520752"
"anandpatil20-exploring-survival-on-the-titanic","0.784259080886841"
"ananthvikram-logistic-regression-dt-rf-nb-for-titanic","0.459546089172363"
"andrecn-random-forest-caret-model-prediction-titanic","35.451544046402"
"andreistar-exploring-survival-on-the-titanic","0.199231147766113"
"andrewl67-titanic","1.84563398361206"
"andrewolney-titanic-predict-fare-lab-3","6.03361701965332"
"andreykoceruba-titanic","0.606353998184204"
"andybega-titanic","0.828729867935181"
"andyxie-explore-titanic-survival-data","0.0364120006561279"
"andyxie-titanic-data-cleaning-and-feature-engineering","0.757091999053955"
"animatorumor-titanic-data-science-solutions","0.188755989074707"
"anirbanshaw24-titanic-keras-r","0.219105958938599"
"anirudhkunte-titanic","0.254072904586792"
"anish91237-titanic-1st-attempt","0.201448917388916"
"anishmayaramka-the-titanic-datset","25.0208649635315"
"anishmayaramka-the-titanic-problem","26.8046338558197"
"ankurnepalia-predictingtitanicsurvivors","0.668752193450928"
"annafreydenzon-titanic-machine-learning-from-disaster","23.6417210102081"
"annseb-titanic-as","0.332939863204956"
"anonymous6-titanic","0.291014909744263"
"antagomir-exploring-survival-on-the-titanic","0.782285928726196"
"anthobau-random-forest-titanic","5.55764198303223"
"antonov-logistic-regression-for-titanic","0.560991048812866"
"anubrata-titanic","0.0433290004730225"
"anuj10121997-titanic","0.639367818832397"
"anushriyapal-r-trial-titanic","0.306191205978394"
"anusiec-new-titanic","0.217936992645264"
"anusiec-titanic","0.298343896865845"
"anweshaghosh-titanic-forkofmultiplescripts-r","24.7045650482178"
"apudlomurillo-titanic-r","0.285891056060791"
"aquilarif-explore-titanic-r","1.65001487731934"
"aravind5-kaggle-titanic","0.509798049926758"
"aravind5-titanic","0.504547834396362"
"archeryue-exploring-survival-on-the-titanic","25.4579820632935"
"archinul-titanic-logistic-regression","0.0370779037475586"
"architdxb-titanic-3","0.209364891052246"
"arcluke-exploring-survival-on-the-titanic","0.191771984100342"
"areebaatif-titanic","1.34430408477783"
"arfinul-exploring-survival-on-the-titanicc","25.8398349285126"
"arjunmalhotra-titanic","0.688859939575195"
"arjunrampal-titanic-eda-rf","7.55278205871582"
"arjunrampal-titanic-exploratory-data-analysis","0.184934139251709"
"arjunsk1997-titanic-ml","0.81805682182312"
"arpitr-titanic-survival","2.03692698478699"
"artcds-titanic-crisansou-tutorial","1.2031895160675"
"artemqua-titanic1","0.542799949645996"
"artsyanka-kernel1-titanic-r","0.717785120010376"
"arunkhattri-titanic-logistic-regression","3.50102114677429"
"arunkumarramanan-data-science-in-r-and-titanic-survival-prediction","24.8730318546295"
"arunnethi-titanic-1","0.6888267993927"
"arupkamal-titanic","0.287028074264526"
"aschakra-fork-of-titanic-survival-prediction","1.05210113525391"
"aschakra-titanic-survival-prediction","0.741865873336792"
"asharamu-predicting-titanic-survivors","0.188902139663696"
"ashish42-lets-start-with-titanic","0.280513048171997"
"ashishpal2702-titanic-eda-prediction","5.15394306182861"
"ashleyshi-titanic-machine-learning-with-python","0.205910921096802"
"ashokvb-exploring-survival-on-the-titanic","0.182603120803833"
"ashutoshds-titanic-rf-prediction-0-81818","2.88351893424988"
"ashwathranjol-titanic","0.288512945175171"
"asterias99-titanic-machine-learning-from-disaster","2.3110511302948"
"atharkharal-titanic-in-machine-learning","3.50494909286499"
"athi94-a-beginner-s-stab-at-titanic","10.744343996048"
"atlasmodeled-xgboost-titanic","2.34533905982971"
"atuljjoshi05-titanic-random-forest","25.1155781745911"
"aturner-exploring-survival-on-the-titanic","24.9922440052032"
"austinedsouza-titanic-allfemalessurvive","0.933344841003418"
"austinharrison-practicing-r-with-titanic-dataset","0.698015928268433"
"avikpaul4u-titanic-machine-learning-in-r","2.92051005363464"
"axaimdc-04-titanic-step-by-step","0.190409183502197"
"axaimdc-titanic-getting-started","0.186588048934937"
"azmanvai-titanic-prediction","1.69999313354492"
"baky0905-titanic-competition","1.88289213180542"
"balaanand-predicting-survival-on-the-titanic","2.71958589553833"
"balakesavan-titanicbalakesavan20160921","1.67651009559631"
"ballsten-first-crack-at-titanic-dataset","1.22201180458069"
"baogorek-titanic-logistic-regression","5.06757111549377"
"basjacob17-titanic-intro-data-analysis-prediction","4.00181889533997"
"bastienhaller-titanic-dataset-caret","0.743431091308594"
"bastortz-titanic1","1.00477695465088"
"baukjestienstra-my-r-titanic","1.61891579627991"
"baukjestienstra-rtitanic","0.746335029602051"
"bdcallen-titanic-knn-r","0.709707021713257"
"behindthelines-survival-on-the-titanic-with-decision-trees","1.53939914703369"
"behrica-predict-titanic-survivers","2.19797205924988"
"beiqiwang-predictive-analysis-of-survival-rate-on-titanic","2.96317195892334"
"benybrahim-best-titanic-benchmark","55.4761829376221"
"beovulfo-titanic-work-for-beginners","5.64487814903259"
"besttinaes-titanicjuly2016","1.84207797050476"
"beyzanurr-a-journey-through-titanic","0.228918075561523"
"bgrich-first-pass-at-titanic-data-set","0.243765115737915"
"bgrich-titanic-eda-using-xray-package","1.30386018753052"
"bgvijay-titanic-1","0.0637898445129395"
"bharaniakella-exploring-survival-on-the-titanic","0.230678081512451"
"bharathyeddula-titanic","0.998458862304688"
"bhavneetsi-exploring-survival-on-the-titanic","0.231902122497559"
"bhavyas-titanicbh","0.508731126785278"
"bhuntgeb-titanic-competition-2","1.89822506904602"
"bienvenu-titanic-survivor-rf-r","0.782195091247559"
"bijay81-titanic","0.333443880081177"
"binilkuriachan-titanic-random-forest","27.8698539733887"
"biohazzzard-titanic-with-tidyverse-and-caret","32.5586140155792"
"birger-titanic-competition","6.71519088745117"
"birger-titanic-competition-score-0-8134","6.3418710231781"
"birudvora-test-titanic","30.192813873291"
"bisaria-titanic-lasso-ridge-implementation","6.51249980926514"
"blastchar-titanic-machine-learning-try-to-improve","5.07078771591187"
"blastchar-titanic-machine-learning-try-to-improve-v2","2.29505586624146"
"blastchar-titanic-the-machine-learning-fix-some-mistakes","1.87789297103882"
"blastchar-titanic-the-machine-learning-h2o-ensemble","2.56435918807983"
"blastchar-titanic-the-machine-learning-improve-data-1","20.6471128463745"
"blastchar-titanic-the-machine-learning-improve-data-2","1.90321493148804"
"blastchar-titanic-the-machine-learning-try-pass-80","1.87586784362793"
"blastchar-titanic-the-machine-learning-version-noob","18.2175660133362"
"blines-titanictest","0.545750856399536"
"blubeck7-titanic-competition","1.0335168838501"
"bluemachine-predicting-chances-of-survival-on-the-titanic","2.34023404121399"
"bluephoenix-titanic-is-sinking-bagimputed-gbm","6.31711483001709"
"bluewizard-solving-for-titanic-survival","2.41958379745483"
"bmftw1-exploring-survival-on-the-titanic","0.273037195205688"
"bobminnich-a-journey-through-titanic","0.22406792640686"
"boliang-survivetitanic","0.761188983917236"
"boliang-survivetitanicpy","0.329210042953491"
"bonesaw98616-exploring-survival-on-the-titanic","27.153048992157"
"bosun001-titanic-r-01","0.287932872772217"
"bphlmn-bryan-s-take-on-the-titanic-data-set","1.82362699508667"
"bren077s-titanic-survivors","1.7684371471405"
"brirush-logistic-regression-for-titanic","0.304162979125977"
"brirush-naive-bayes-for-titanic","0.382920026779175"
"brirush-randomforest-implementation-of-titanic","0.567857980728149"
"brirush-svm-for-titanic","0.370893001556396"
"brirush-titanic-nearest-neighbor-using-squared-correlation","0.464929103851318"
"brirush-xgboost-for-titanic","1.85975193977356"
"bruceokallau-data-mining-titanic-using-kmeans","0.276278018951416"
"brucialized-titanic","1.97181701660156"
"brunodeabreu-titanic-bruno-machado","1.18144297599792"
"bryan1201-exploring-survival-on-the-titanic","0.223004102706909"
"bryan1201-exploring-survival-on-the-titanic-by-bryan1201","28.8118741512299"
"bssasikanth-satanic-titanic","0.633940935134888"
"bubblride-titanic-e1071-c-svc-fares-only","2.52054691314697"
"bubblride-titanic-e1071-c-svc-five-features","2.55776381492615"
"bubblride-titanic-e1071-nu-svc","2.64489603042603"
"burcins-titanic-first-attempt","5.02430009841919"
"bwozniak-titanic-in-r","1.34133291244507"
"byrony-titanic-majority-vote-of-ridge-rf-and-gbm","2.85065470139186"
"c34klh123-using-svm-to-predict-titanic-in-r","5.06726976633072"
"caleblau-predicting-survival-on-the-titanic","22.435478925705"
"caliphcheng-titanic-analysis-using-r","34.3358469009399"
"cardoso-titanic-women-and-children-first","1.11449035008748"
"carlesac-titanic-prediction-deep-neural-networks-dnn","1.05901694297791"
"carlesac-titanic-prediction-rule-learner","0.862989902496338"
"carlosch-first-data-science-titanic-s-survive","1.04242610931396"
"carolynchng-exploring-survival-on-the-titanic-test-run","0.879197835922241"
"cbrioso-titanic-rf","11.0586731433868"
"cch100m-binary-classification-practice-on-titanic-dataset","0.657922029495239"
"ccheng2016-titanic-survival","10.1990659236908"
"cchung1368-titanic-dataset-trial-1","1.03641819953918"
"cdeotte-titanic-deep-net-0-82296","51.6337149143219"
"cdeotte-titanic-spam-filter","45.2018339633942"
"cdeotte-titanic-using-name-only-0-81818","0.278802871704102"
"cdeotte-titanic-wcg-xgboost-0-84688","0.241909027099609"
"cganxs-is-62-the-right-titanic-model-threshold","33.9163498878479"
"chandramuramalla-titanic-survival","0.823755025863647"
"chandraroy-titanic-s-data-visualization","1.75782489776611"
"charlesspo-titanic-test","1.43368196487427"
"chathurangajayaweera-ranga-s-workbench-r-titanic","0.802795886993408"
"chauhanheta-exploring-survival-on-the-titanic","29.9495179653168"
"chdhatri-exploring-survival-on-the-titanic","29.1900417804718"
"chemalytics-exploring-survival-on-the-titanic","29.7578098773956"
"chemalytics-titanic-new","0.262680053710938"
"chemjong-exploring-survival-on-the-titanic","3.09466910362244"
"chemjong-titanic-survival-prediction","5.07981204986572"
"cherrywan-titanic-disaster","1.66485404968262"
"chikane-a-journey-through-titanic","0.251086950302124"
"chiluvuriskr-ml-titanic","0.701275110244751"
"chinarxo-titanic-prediction","2.37955212593079"
"chipirek-titanic-my-first-kernel","0.2325599193573"
"chrisaddy-titanic-survivr","2.56846809387207"
"chuanhuiliu-one-solution-to-titanic-survival-analysis","4.2165789604187"
"chuckivan-titanic-logit","1.70698499679565"
"chucktalbert-titanic-a-tidy-caret-approach-0-8086","7.38883996009827"
"chueric-mining-titanic-sink","0.467220067977905"
"chueric-titanic-sink","0.39237117767334"
"ciao1993-exploring-survival-on-the-titanic","1.70156407356262"
"cindytong-titanic-practice-with-r-markdown","3.99838805198669"
"citation-titanic","0.361742973327637"
"cjlarson-cjlarson-class-tree-r-titanic","0.241820812225342"
"clairekunesh-predicting-titanic-survival-logistic-regression","5.62588596343994"
"claudiu-titanic-analysis","0.755769968032837"
"clovisystem-estatisticas-e-altera-o-de-colunas-do-titanic","0.482510089874268"
"cntcspo-titanic-script","0.371592998504639"
"cnusapbo-titanic-r-code","0.391217947006226"
"codutie-r-caret-titanic-ensemble-lb-0-803","35.3098919391632"
"colinleverger-exploring-the-titanic-dataset","0.290894031524658"
"collett19-titanic-r-script-testing-testing-one-two-three","1.2370228767395"
"collindching-titanic-sink-or-swim","4.47475385665894"
"colonelkash-titanic-result","1.02400302886963"
"contactsheetal-exploring-survival-on-the-titanic","30.5747320652008"
"cookepm-exploring-survival-on-the-titanic","1.02540707588196"
"coolhj12-titanic-test-learn","0.840974092483521"
"coruscatingprasad-titanicprasad","0.845802068710327"
"cosentinoda12-exploring-survival-on-the-titanic-dc","30.2311329841614"
"countryboy-titanic-on-the-rocks-with-a-lime","2.56864786148071"
"courtneywilkins-titanic-survival-prediction","0.920720100402832"
"crisansou-titanic-automating-model-selection-using-caret","1.04565594991048"
"crs3ven-titanic-survival-prediction","0.881396055221558"
"cselefendi-titanic-v2","0.924429893493652"
"curtaincall-exploring-survival-on-the-titanic","34.3072237968445"
"cyecandyds-titanic1","0.650439977645874"
"cyykaggle-titanic","1.38355112075806"
"daiearth22-exploring-survival-on-the-titanic","36.1292788982391"
"dalilamachado-titanic-teste","1.152674583594"
"damleadwait-titanic-tutorial","1.63073515892029"
"danedrmr-titanic-eda-with-r","1.16639304161072"
"danieleewww-beginners-titanic","1.8882967154185"
"danielpg-dpg-titanic-test","2.17934489250183"
"dannypallotta-danny-s-titanic-notebook","0.715248107910156"
"danr87946-titanic-practice","0.575852870941162"
"dansum-exploring-survival-on-the-titanic","1.02824091911316"
"danvargg-titanic-passenger-survival","2.31097912788391"
"darkanita-titanic-analysis","0.910683155059814"
"darkenwei-titanic-r","3.55837798118591"
"dasbeste-exploring-survival-on-the-titanic","31.548131942749"
"dascanvas-titanic-random-forest","2.25946092605591"
"daskoo-titanic-r-test","0.605494022369385"
"datadatum-exploring-survival-on-the-titanic","30.8151099681854"
"dataggle08-a-journey-through-titanic","0.223035097122192"
"dataninja2014-exploring-survival-on-the-titanic","29.9746279716492"
"datascikrid-exploring-survival-on-the-titanic","30.3283059597015"
"dataxulong-titanic-analysis","0.275469064712524"
"davetch-titanic-test","0.562747955322266"
"david89222-titanic-logistic-regression-model-with-r","2.45878982543945"
"davidhoon-titanic-r-notebook","1.17731809616089"
"dbenny42-a-journey-through-titanic","0.237375020980835"
"ddefave-titanic-script-test","0.806192874908447"
"debnomics-titanic-first-randomforest","1.35330700874329"
"deborareis-my-first-r-script-for-titanic","0.428579807281494"
"debudey-logistic-regression-model-titanic-dataset","0.442629098892212"
"debudey-notebook-titanic-dataset","0.729275941848755"
"delasupreme-titanic-data-analysis-rf-prediction-0-81818","4.04074788093567"
"deltaforce126-titanic-randomforest","0.72613000869751"
"demborg-learning-regression-in-r-from-titanic","1.15859293937683"
"dengshijiao-titanic-bruyont","0.684300184249878"
"devanshugupta27-predicting-the-titanic-survival-rate","8.9906919002533"
"devrath7s-exploringtitanic","0.403080940246582"
"dgf4qu-titanic-analysis-with-k-nearest-neighbor","2.82993507385254"
"dheerajgoudborlla-exploring-survival-on-the-titanic","31.6256911754608"
"dibyaj-titanic-passenger-survived","0.844009876251221"
"dibyaj-titanic-servivals","0.397741079330444"
"diegosiebra-rf-titanic-prediction-th3one","1.58213996887207"
"dineshary-exploring-survival-on-the-titanic","32.195788860321"
"dineshary-titanic","0.745591878890991"
"dingminghbut-titanic","0.25255298614502"
"divakar239-survive-the-titanic","28.9774570465088"
"divy44-titanic1","0.892632007598877"
"divyabudale-conditional-inference-tree-model-titanic","2.22011613845825"
"divyasshree-titanic-ml-club","2.85417580604553"
"dixdan2008-titanic","1.47120809555054"
"djohnbar-fork-of-titanic-rf-w-titles","1.85882616043091"
"djohnbar-the-titanic-using-knn","1.56713509559631"
"djohnbar-titanic-rf","1.82290315628052"
"dleibovi-titanic","1.77873086929321"
"dleprovost-simple-titanic-exploration","29.0000429153442"
"dmacwilliams-a-journey-through-titanic","0.25361180305481"
"dmtgroup073-datatitanic","0.372603178024292"
"dmvoit-titanic-test-notebook","0.0492610931396484"
"dochero-myfirstscriptkaggletitanic","0.62782096862793"
"domini-titanic-data-exploration-and-modelling","14.5908741950989"
"dondapati-titanic-visualization","6.00421619415283"
"dongheerhie-titanic-in-r","2.10591578483582"
"doranemoda-titanic-kernel-lots-of-things","0.281736850738525"
"dralmostright-kaggle-titanic-first-kernel","16.6963491439819"
"drdanz-titanic-decision-trees-vs-logistic-regression","2.07922196388245"
"droid732545-titanic","0.797115087509155"
"dspudwill-titanic-log-reg-analysis","4.19207692146301"
"dsvijayaraghavan-vra-titanic","4.107008934021"
"dukasguo-exploring-survival-on-the-titanic","31.2089219093323"
"dukasguo-titanicrf","0.530745029449463"
"dushyantthakre-first-submission-titanic","2.24032306671143"
"duygut-titanic-survival-prediction","2.62752890586853"
"dx1234-predicting-survival-rate-on-titanic","0.54404091835022"
"dylanjcastillo-titanic-predictions-using-keras-in-r","3.93912220001221"
"dylanmj-exploring-survival-on-the-titanic","29.2618780136108"
"eagle97-a-journey-through-titanic","0.0441081523895264"
"easbiikhsan-titanic-logistic-biner-regression","1.21553993225098"
"econdata-machine-learning-on-titanic-dataset","2.12341713905334"
"econdata-titanic-datasets-ml-with-r-journey-to-top-1","6.87690877914429"
"econdata-titanic-machine-learning-from-disaster","2.57903695106506"
"edobrien-titanic-try-r","0.981619834899902"
"edouardmalet-a-journey-through-titanic","0.23116397857666"
"edurnita-titanic-machine-learning","0.0445101261138916"
"eduterradez-titanic-3-levels-ensemble-model","2.02086806297302"
"efezinoerome-exploring-survival-on-the-titanic","29.292387008667"
"effy94-titanic-learning-v1","2.23361206054688"
"effy94-titanic-survival-analysis","0.515464067459106"
"efmorgan92-titanic-knn-analysis-r","0.257603883743286"
"eibanezm-family-engineering-in-titanic-s-dataset","0.437263965606689"
"elimiller-the-caret-package-and-the-titanic","1.89181900024414"
"emj777-decision-tree-titanic-r","1.0467312335968"
"emlini-kaggle-titanic-survival-model","1.96691799163818"
"enileda3-simple-titanic-prediction-for-absolute-beginners","11.6493420600891"
"ep1804-titanic-survival","9.18486094474792"
"erikbruin-titanic-2nd-degree-families-and-majority-voting","15.2318501472473"
"erskumars-titanic-survival-eda-and-survival-rate-prediction","2.11781311035156"
"eryamada-titanic-eda-and-feature-engineering","0.2223219871521"
"etiennedumoulin-titanic-simple-intro-with-r","0.540412902832031"
"evjrob-titanic-in-r","0.046766996383667"
"ewong027-exploring-survival-on-the-titanic","0.596367120742798"
"ezhilvelme-titanic-neural-network-c-4-2","5.067597981294"
"fallsit-predict-the-survived-rate-on-titanic","2.87195014953613"
"farhodkalonov-titanic-survival-prediction-end-to-end-ml-pipeline","0.229957103729248"
"fcostartistican-titanic-in-r-few-words-a-lot-of-plots","2.66181993484497"
"felixhalim-exploring-survival-on-the-titanic","29.8126699924469"
"fermm92-exploring-survival-on-the-titanic","29.3501501083374"
"fertueros-exploring-survival-on-the-titanic","29.260213136673"
"fhlgood-glm-titanic","0.0453109741210938"
"flowy00-titanic-notebook-datacamp-kaggle-tutorial","1.35122799873352"
"fmoiteiro-titanic-dataset","0.639410972595215"
"foreman3-exploring-survival-on-the-titanic","29.2749049663544"
"foreman3-exploring-survival-on-the-titanic-bit-by-bit","2.24207711219788"
"foreveroka-titanic","0.645389080047607"
"fpsawicki-eda-and-prediction-on-titanic-dataset","4.2158350944519"
"franciscoalonso-test1titanic","0.340846061706543"
"francksylla-r-titanic-machine-learning-from-disaster","0.356911897659302"
"francoisolivier-fork-of-titanic-20","8.59328103065491"
"francoisolivier-titanic-20","1.21174216270447"
"frank5547-my-solution-to-titanic-for-now","8.05809879302979"
"frankfeng-titanic","1.6211109161377"
"frareb-gs-titanic-01-frareb-rmd","0.401457786560059"
"fraserpal-kaggle-titanic-disaster-data-set-and-h2o-framework","0.215435028076172"
"fredman-bergenmlmeetup-barebonestitanicr","0.74393892288208"
"fredman-titanic-barebones-benchmark-r","0.974892854690552"
"fuchai-rtitanic","0.360698938369751"
"gabrielguc-my-titanic-analysis","2.50552797317505"
"gabrielguc-neural-titanic","1.9300479888916"
"gairolap-titanic","1.08203291893005"
"gallarus-en-route-for-machine-learning-with-titanic-and-r","1.61658382415771"
"gangu28-titanic","0.45524787902832"
"garciparedes-titanic-getting-started","0.523621797561646"
"gauravgada-titanic-logistic-regression-model","0.693333148956299"
"gauravsatav-exploring-survival-on-the-titanic","29.1490700244904"
"gaurikris-titaniclearningqi","0.0453259944915771"
"gautam1168-exploring-survival-on-the-titanic","0.479839086532593"
"gedrox-titanic","0.217793941497803"
"geosko-titanic-random-forest","5.07963283061981"
"get2bpadmana-brat-titanic-analysis","1.39588093757629"
"get2bpadmana-titanic","0.64236307144165"
"get2bpadmana-titanic-data-exploration","0.675779104232788"
"ghoshtumpu-logistic-egression-on-titanic-dataset","1.07896089553833"
"giannismo-exploring-survival-on-the-titanic","49.4432299137115"
"gmayank32-titanic-survived-model-random-forest","3.94417500495911"
"goblin-titanic-test","0.693688869476318"
"gomes555-machine-learning-com-dados-da-base-titanic","5.81464195251465"
"gonnel-titanic-gbm-top-11-0-80382","37.8728771209717"
"goodwebb-titanic-by-eda-and-h2o-package-chinese-version","0.741343975067139"
"gpellis-exploring-survival-on-the-titanic-with-r-notebook","41.7524621486664"
"graf10a-titanic-alexey-pronin-1","1.40416502952576"
"grapple-exploring-survival-on-the-titanic","24.7278921604156"
"gravc91-exploring-survival-on-the-titanic-forked","42.0952990055084"
"gravc91-titanic-deeplearning-ofg-r","3.20584416389465"
"gravitymhxy2-titanic","7.35818099975586"
"greeshma12-titanic","1.00053095817566"
"gsdeepakkumar-learning-ml-with-titanic-survival","1.45820784568787"
"gualtieri-titanic-survivorship-analysis","1.25684009790421"
"gzanatta-how-i-reached-top-6-on-titanic-competition","12.7495260238647"
"gzw8210-predicting-survival-on-the-titanic","0.259839057922363"
"haichenliu-a-journey-through-titanic","0.186338186264038"
"haijie-titanic-prediction-wit","1.75472521781921"
"haijie-titanic-prediction-with-gbm","1.22176623344421"
"haleh68-exploring-survival-on-the-titanic","0.851979970932007"
"hamid17-train-test-titanic","0.647966861724854"
"haojianfeng-titanic-passenger-survival-forecast-r","2.18196892738342"
"hardawaykr-titanic","0.180256128311157"
"harleypellowe-harley-titanic","0.554402112960815"
"harleypellowe-titanic","3.87551999092102"
"harleyxvi-bhatia-testing-titanic","0.82390284538269"
"haroldzhang-exploring-survival-on-the-titanic","9.53116512298584"
"haroldzhang-titanic-ace233","9.44318389892578"
"harryem-feature-engineering-on-the-titanic-for-0-81339","4.11051511764526"
"harryem-titanic-comparing-two-approaches-for-missing-data","9.21123504638672"
"harsh2-exploring-the-titanic-dataset","10.4711899757385"
"harsh2-titanic-survival","0.210422992706299"
"harshjoya-titanic-r-hr","0.658367872238159"
"harshramandas-r-titanic","0.275485992431641"
"haylmg-titanic-is-back-in-r","1.60839405059814"
"hdixit-titanic-machine-learning-from-disaster","2.65734696388245"
"heavenh3ll-titanic1","0.76482105255127"
"hegdekarthik-titanic-prediction-beginner-level-decision-tree","5.44279098510742"
"helloklima-titanic-marvin","0.337898015975952"
"hellovenkat-titanic-sub1","0.912251949310303"
"hemantkhurana-exploring-survival-on-the-titanic","27.6084990501404"
"hemantkhurana-random-forest-on-titanic-data","4.90007710456848"
"hemingwei-titanic-r-solution-from-megan-risdal","27.0461230278015"
"hertan-titanic-surviving-dataset-simple-expression","7.44625616073608"
"heysilver-titanic-test","0.339446067810059"
"hgunawan-titanic-survival-kernel","0.675713062286377"
"hillabehar-titanic-analysis-with-r","2.69707703590393"
"himanshumittal-a-journey-through-titanic","0.187624931335449"
"himsingh-titanic-practice","0.290650129318237"
"hirenjani-hiren-titanic-disaster","0.277653932571411"
"hisnibs-titanic-enhancing-the-training-data-and-kis","0.341806173324585"
"homelesssandwich-titanicdataanalysis","5.45637011528015"
"hongviet2002-exploring-survived-on-titanic","1.02091908454895"
"hongviet2002-survived-on-titanic-board","1.00110101699829"
"huanvo-titanic-prediction-with-cforest-0-82296","57.325070142746"
"huijunzhao-titanic-r","1.00446486473083"
"hulloswin-titanic-random-forest-first-submission","0.764754056930542"
"hulloswin-titanic-work","0.783197164535522"
"hurtlocker25-rms-titanic-r-random-forrest","4.29627799987793"
"husainsb-titanic-survived-or-not-survived","2.20454812049866"
"hyc399-titanic","0.722702026367188"
"ianwells-titanic-simple-rf-with-name-and-age-features","2.29807114601135"
"igaitan-titanic-solution","0.658812999725342"
"igbatov-titanic-data-exploration-with-glm","0.999696016311646"
"igorha-my-machine-learning-titanic-case","0.336771965026855"
"iherbert-titanic","2.05372095108032"
"ijundi-exploring-survival-on-the-titanic","1.26676201820374"
"ilijaf-titanic","2.80402112007141"
"imendoza-titanic-rf-prediction","3.993577003479"
"imhgchoi-implementing-various-models-on-the-titanic-dataset","5.54886078834534"
"imhgchoi-implementing-various-models-on-titanic-dataset","0.270894050598145"
"imitation-exploring-survival-on-the-titanic","11.1917650699615"
"imitation-titanic-survival-rf","12.9513120651245"
"inareous-titanic-indonesia","41.4065699577332"
"incoherance-titanic-tutorial","0.633417844772339"
"intelrunner-titanic-get-out-now","1.12127494812012"
"invisibleman-exploring-survival-on-the-titanic","0.196534872055054"
"iqbal911arrafii-newbie-step-on-solving-titanic-probelm","32.3990550041199"
"isaacfeng-a-journey-through-titanic","0.211407899856567"
"ish19655-practising-machine-learning-with-titanic-dataset","0.352472066879272"
"ishbhms-predicting-survival-on-titanic-using-ml","0.523126840591431"
"itaibl-kaggle-titanic-tutorial-passing-82-part-1","0.737205028533936"
"itesla-titanic-cart-decision-tree-in-r","0.384968042373657"
"ivanbaj-part-1-titanic-encounters-vowpal-wabbit-and-r","1.16896486282349"
"ivanbaj-part-2-titanic-encounters-vowpal-wabbit-and-r","0.556960105895996"
"jacekpardyak-mytitanicscript","1.33345413208008"
"jagadeeshyarramsetty-titanic-data-analysis","0.334184169769287"
"jagguu-passenger-survival-prediction-titanic","54.2151050567627"
"jaimehp-titanic-s-survival","2.53261494636536"
"jaimisk-titanic-survival-logistic-regression","2.40268898010254"
"jajanes-a-journey-through-titanic","0.235182046890259"
"jakishi-is-ml-lab-in-aug-2018-titanic-data-20180821","2.61274194717407"
"jakishi-is-ml-lab-in-aug-2018-titanic-honma-san-s-work","2.86991691589355"
"jamcarwal-exploring-survival-on-the-titanic","28.9485211372375"
"jamensson-first-script-titanic-1","0.611823081970215"
"jameswong1234-titanic-machine-learning-from-disaster","0.640022039413452"
"jananikrishnamoorthy-titanic","0.710669994354248"
"jaredcross-simple-regression-titanic","1.00487494468689"
"jarmopih-a-journey-through-titanic","0.260334968566895"
"jasminegoel-playing-with-titanic-dataset-r","1.36377382278442"
"jasonborn-titanic-starter","0.308007001876831"
"jasonhit-first-script-for-kaggle-titanic","0.639940023422241"
"jatinm2593-titanic","0.332843065261841"
"jawadrasool-predicting-the-survival-on-titanic-disaster","0.209678173065186"
"jayantrag-finding-patterns-in-survivors-of-titanic-wreckage","1.01248407363892"
"jayasimhagp4r-titanic-basic","0.322314023971558"
"jaychu-logisticregression-of-titanic","0.0392348766326904"
"jaygrayson-titanic-v3","1.89441609382629"
"jccochran3-random-forest-titanic-by-c-cochran","2.84132790565491"
"jduque-deaths-on-the-titanic-with-random-forests","3.71128989855448"
"jeankwizera-exploring-survival-on-the-titanic","1.09868407249451"
"jeepkd-titanic-survival-analysis-sandbox-with-r","0.716363906860352"
"jeetranjeet619-titanic-dataset-play-around-in-r","5.07001531521479"
"jeetranjeet619-titanic-xgboost-example-in-r","29.2069239616394"
"jenioai-exploring-survival-on-the-titanic","30.3346419334412"
"jenioai-predicting-survival-on-the-titanic","2.97762989997864"
"jenioai-titanic-data-analysis-rf-prediction-0-81818","3.57812309265137"
"jeremyd-titanic-logistic-regression-in-r","0.351208925247192"
"jerlinraj-titanic-machine-learning-from-disaster","0.268197059631348"
"jerrythomas-surviving-titanic-and-learning-r","0.564766883850098"
"jerzyney-titanic-score-about-80","8.02444911003113"
"jeschroeder-first-titanic-upload","1.0041880607605"
"jessekerr-jesse-titanic","0.215066909790039"
"jessewheeler-titanic-data-with-xgboost-in-r","2.39796495437622"
"jester-titanic-disaster-prediction","0.624942064285278"
"jfeng1023-titanic-prediction-in-r","3.48527097702026"
"jfriksen-titanic-survival","0.657403945922852"
"jgomezromero-myfirst-test-titanic","0.79471492767334"
"jiayue9-titanic","0.316882848739624"
"jibaigai-let-s-dive-into-the-titanic","3.65550804138184"
"jigyasa-titanic","0.317112922668457"
"jimmyyang-fork-of-titanic-survival-list-using-classification","0.649861812591553"
"jinsol-titanic-1","0.313609838485718"
"jintian82-tian-titanic","0.3110032081604"
"jkevin2010-improved-model-for-titanic-survival","0.993160009384155"
"jkevin2010-titanic-survival-prediction","0.729951858520508"
"jkevin2010-titanic-survival-using-decision-trees","0.971025943756104"
"jlindsteadt-titanic-survival-analysis-using-svm","1.10028600692749"
"jmartindelasierra-titanic-survival-with-c5-0","0.549860000610352"
"jmayalag-titanic","0.651072025299072"
"jmbull-titanic-notebook","0.557868957519531"
"jmercer187-fork-of-titanic2","5.95377016067505"
"jmichaels-titanic","0.326869010925293"
"jnrahul92-titanic-analysis-using-logistic-regression","3.96882390975952"
"jns2292-titanicsurvivors-r","0.0385258197784424"
"joelmateo3-prueba-titanic","1.01450300216675"
"joelweiss-titanic-data-r","4.10808706283569"
"johngunawan-exploring-survival-on-the-titanic","27.172758102417"
"johnhawver-titanic-kernal-logistic","0.2205970287323"
"johnlam-titanic-dataset-and-learning-decision-trees","3.42134404182434"
"johnluo721-titanic-survival","23.0302829742432"
"johno883-john-orr-titanic-random-forest","1.42402505874634"
"jok10gf-testing-titanic","0.321163892745972"
"jonmak-identify-travel-groups-in-titanic","16.105898141861"
"josepandreu-titanic-visualization-with-ggplot2","1.22100806236267"
"joshuasalazar984-titanic-kaggle","0.526247978210449"
"jpadilhas-titanic-predi-o-de-sobreviventes-em-portugu-s","1.16680908203125"
"jpetrovska-titanic","1.67830109596252"
"jpleyte-titanic-in-r","0.0538220405578613"
"jprukundo-titanic-in-r-with-naive-bayes-of-mlr-package","1.94011497497559"
"jromio-titanic","0.0451788902282715"
"jromio-titanicf","1.26861381530762"
"jsvpandya-first-script-titanic-survivor","1.28646183013916"
"jsvpandya-first-script-titanic-survivor2","2.11320686340332"
"jsvpandya-titanic-data-exploration","0.21578311920166"
"junjunjun-titanic-kaggle","2.39258694648743"
"junjunjun-titanic-ticketnumber-visualization","1.28044509887695"
"just10minutes-exploring-survival-on-the-titanic","0.882044076919556"
"justfor-just-playing-with-the-titanic","5.06702546676"
"justindatascience-titanic","2.85299301147461"
"justinpjack-exploring-survival-on-the-titanic","0.981291055679321"
"juturu97-exploring-survival-on-the-titanic","28.5836958885193"
"juverstraeten-titanic-test-5-decision-tree-w-cabin","0.568874835968018"
"jww001-exploring-survival-on-the-titanicqw","1.81698226928711"
"jyotiprakash-titanic-learn-ds","1.63385009765625"
"kabled-life-and-death-on-the-titanic","10.9289541244507"
"kadyrbek-titanic","0.231006145477295"
"kagglere-titanic","0.297600984573364"
"kaider0-exploring-survival-on-the-titanic","0.222110986709595"
"kalidoss-titanic-survival-exploratory-analysis","2.33471202850342"
"kallevato-titanic-test","0.548624038696289"
"kambojatul20-titanic-first","0.783098936080933"
"kandarp16-titanic-survival-data","0.305865049362183"
"kanhuachary-exploring-survival-on-the-titanic","30.2521960735321"
"kapillehar-titanic-rf-prediction-0-81818","4.09236717224121"
"karamveer-titanic","1.13027691841125"
"karlkonz-exploring-the-titanic-dataset-with-r","3.49149799346924"
"karnakarthoorpu-titanic-analysis-r","2.23195385932922"
"karnakarthoorpu-titanicanalysis-r","2.2041609287262"
"karthikeyan85-titanic-prediction-using-gbm","56.0286519527435"
"karthikraghuveer-titanic-survival-prediction-using-logit","3.06254315376282"
"kasturimitra-titanic","2.90428113937378"
"kateswierz-titanicr","3.01200914382935"
"kazimanil-titanic-submission","1.10023131370544"
"kckoay-1-0-titanic","0.577660083770752"
"keith1-titanic-eda","4.06711506843567"
"kerrja-titanictest","0.331894159317017"
"kevimwe-titanic-exploratory-data-analysis","6.64468502998352"
"kevogich-a-journey-through-titanic","0.223294019699097"
"kezarmader-titanic-survived-v1","0.941679954528809"
"kguillemot909-kg-titanic","0.354745149612427"
"kguy32363827-titanic-survival-modeling-exploration","2.91811895370483"
"kidoman-titanic-test","0.6336669921875"
"kierisi-titanic-survival-pred","0.30195689201355"
"kikishmiki-titanic-passenger-survival-prediction","3.34275412559509"
"kingselta-titanic-in-r","0.616800785064697"
"kishvanchee-titanic-exploration-and-prediction","0.723721981048584"
"kitivan-my-first-ml-project-titanic-updated-20171010","1.72159099578857"
"kiyoung1027-hello-titanic-eda-fe","0.679075002670288"
"kjell56-titanic-vu-dm-group29","3.05982089042664"
"kkaramvir-titanic-problem","0.30544114112854"
"klashgari-titanic","1.88259196281433"
"klisarov-titanic-script","1.66056489944458"
"klmilam-kmilam-titanic","0.695512056350708"
"kmsravindra-titanic-solution-in-r","0.839513063430786"
"koalascheesecake-titanic-first-learning-project","0.0614299774169922"
"kogamstk-exploring-survival-on-the-titanic","29.1267421245575"
"konosp-titanic-logistic-regression-from-scratch-0-779","2.23643279075623"
"kord123-titanic","0.685894966125488"
"kpotard-more-h20-for-titanic","0.264486074447632"
"krietallo64-exploring-survival-on-the-titanic","28.1852638721466"
"kristinka28-titanic","0.0421559810638428"
"kronprinserik-exploring-survival-on-the-titanic","28.6663279533386"
"krupan-exploring-survival-on-the-titanic","29.3154668807983"
"krusheel-titanic-exploratory-analysis","5.17622518539429"
"ksauln-titanic","1.10160055160522"
"kshashank-first-titanic-implementation","0.0463149547576904"
"kshashank-my-first-titanic-implementation","0.039700984954834"
"kunaphas-predictive-analysis-of-survival-rate-on-titanic","2.77940893173218"
"kvnlng-titanic","0.779305934906006"
"kvsista-titanic1onkaggle","0.317876100540161"
"kyanyoga-exploring-survival-on-the-titanic","28.0753087997437"
"lagprophet-titanic","0.29099702835083"
"laking10-simple-decision-tree-for-the-titanic-dataset","0.211542844772339"
"lakshya1605-titanic","0.325675964355469"
"lancejernigan-titanic-analysis","0.311328887939453"
"lashkare-simple-yet-effective-titanic-solution","3.23613715171814"
"lateagain-titanic-test-script","0.494014978408813"
"lattesandcode-titanic-prediction-script","0.328232049942017"
"laurali-nora-s-titanic-notebook","0.0436811447143555"
"lbarbosa-titanic-with-random-forest-logit-and-boosting","0.296509027481079"
"leedongkyu-exploring-survival-on-the-titanic","28.1735010147095"
"leocvpr-titanic","0.899593114852905"
"leogregianin-my-titanic-script","0.677084922790527"
"lfl1001-titanicnotebook-r","0.21479606628418"
"lhzhu91-titanic","0.730618000030518"
"liaoxun1227-titanic","0.501352787017822"
"libra202ma-exploring-survival-on-the-titanic","28.290195941925"
"lich070192-titanic-test","3.1647961139679"
"lin538x-titanic-survival-prediction-end-to-end-ml-pipeline","0.220451831817627"
"lisastuart-exploring-survival-on-the-titanic","5.47231793403625"
"liudj2008-fork-of-titanic","1.27998399734497"
"liudj2008-titanic","1.30071997642517"
"liulantao-titanicdata","4.63110399246216"
"liulantao-titanicdata-02","1.70710682868958"
"liwenhuang-titanic-logistic-tree-rf","5.97831892967224"
"lizpund-titanic-competition-kernel","4.98940491676331"
"ljfernando-titanicsurvival","8.38475584983826"
"lmjwilliam-a-journey-through-titanic","0.208086013793945"
"lmorgan95-titanic-top-8-with-random-forests-r","0.727419137954712"
"lohanii-titanic-survival-prediction-r-markdown-code","2.22971606254578"
"lokesharun-titanic","4.77812695503235"
"lorenzopagliaro01-titanic-models-101-for-adventurous-pioneers","0.253980159759521"
"lornamariak-survival-criteria-on-the-rms-titanic","1.43744611740112"
"loveautumnlan-exploratoryanalysis-prediction-titanic","5.77183699607849"
"lpfahler-my-first-kernel-the-titanic-dataset","1.59026503562927"
"lstnr1-titanicscript","22.2211530208588"
"luboyang-titanic-jounery-begins-with-python","0.583757877349854"
"lucasantevere-hello-titanic","1.27028203010559"
"lucasbf-exploring-survival-on-the-titanic","0.184722900390625"
"lucasguarisco-exploring-survival-on-the-titanic","23.6966390609741"
"lucyq228-a-journey-through-titanic","0.183199882507324"
"lucyq228-social-network-for-titanic-family-members","6.21222186088562"
"ludejun-exploring-survival-on-the-titanic","24.8345289230347"
"luisaapf-survival-prediction-on-titanic","1.64064884185791"
"luispalmab-titanic-default","0.0385470390319824"
"lukeschmerold-exploring-survival-on-the-titanic","24.1912050247192"
"luxjy86-the-easiest-way-to-find-titanic-survivors","0.186791896820068"
"lyragg-titanic-test","0.588969945907593"
"lys620-titanic-random-forest","0.0419661998748779"
"mac4vity-exploring-survival-on-the-titanic","24.1461849212646"
"maccalla-titanic-challenge-written-in-japanese","1.60628914833069"
"mackmpn-getting-started-on-titanic","0.189558982849121"
"macrosp-logistic-regression-titanic-dataset","0.330227136611938"
"madhuri6791-titanic-machine-learning-from-disaster","0.187707185745239"
"maestroyi-kako-titanic-data-0312","7.18173503875732"
"magicsany-titanic-data-sandbox","1.38426303863525"
"magnusbu-titanic-passenger-survival-prediction","0.456290006637573"
"mahaveer02-titanic-survive-model-in-r","0.279393911361694"
"mahmud007-exploring-titanic-survival-rates","2.11902093887329"
"mailakshdeep-titanic-survival-prediction-r","37.9635410308838"
"maitree-titanic-survival-list-using-classification","1.07690119743347"
"maitree-titanic-survival-list-using-random-forest","1.08771085739136"
"makarevich-missing-values-that-you-can-t-miss-in-titanic","1.81616902351379"
"makdvd-titanic-disaster-survival-prediction-r","3.96505308151245"
"manasi-titanice-logistic-regression-v1","0.0352559089660645"
"maneman-titanic","0.435954093933105"
"manishrai-titanic-eda","4.23960924943288"
"mannyjb732-titanic-test","0.797419786453247"
"manskj-machine-learning-and-titanic","0.626434087753296"
"manusantana-kaggle-for-begginers-titanic","1.34767818450928"
"marcelloaliverti-titanic-contest","0.438265085220337"
"marison-titanic-dataset-first-kernel","0.189635992050171"
"markdavey-predicting-survival-on-the-titanic","2.10183000564575"
"markkb-a-journey-through-titanic","0.179443836212158"
"marsanow-first-machine-learning-project-with-titanic","0.479971885681152"
"marshalwong-titanic-dataset-walkthrough","1.31729912757874"
"martagajewska-titanic-marta-s-first-try","0.224370002746582"
"martijn-exploring-survival-on-the-titanic","0.689829111099243"
"martinduys-titanic-wip","0.639928102493286"
"maruja-first-trial-titanic","0.238495111465454"
"masaldzhiyski-exploring-survival-on-the-titanic-0-81818","0.704257965087891"
"matheom-neural-network-example-using-titanic-dataset","3.17576289176941"
"mathieulornac-playing-with-the-titanic-dataset","0.859326124191284"
"matthewhennegan-exploring-the-titanic","5.97717118263245"
"mattrb-titanic","3.11868810653687"
"mattwhansen-titanic-v1","0.274294137954712"
"mauricio88-first-model-on-titanic-dataset","40.1560170650482"
"mayanksoni-titanic-dataset","0.519623041152954"
"maza91-titanic-logistic-regression","0.562038898468018"
"maza91-titanic-neural-network-try","1.09817290306091"
"mchatham-exploring-survival-on-the-titanic01","24.5197870731354"
"mcliff-exploring-survival-on-the-titanic","22.3663928508759"
"mcn215-titanic-eda-manymodels-beginner-79425","15.4106178283691"
"mdzeig-titanic-case-study","1.53215193748474"
"meenal19-titanic-0623","1.61420083045959"
"meggles-titanic-fresh-feature-engineering","3.64396691322327"
"meggles-titanic-model-training-and-validation","7.3303918838501"
"meggles-titanic-svm-submission-1-0","3.14941596984863"
"mervynakash-titanic-prediction","0.621006011962891"
"metal32-exploring-survival-on-the-titanic","24.4158971309662"
"metawin-titanic-script","0.704555988311768"
"mhamano-titanic-r-script","23.9354641437531"
"mihaque313-first-submission-to-titanic-problem","0.448981046676636"
"mikeair-titanic-nn-bruteforce","47.0793149471283"
"mikethomas-predicting-titanic-survivors","0.447074890136719"
"milanhavir-titanic-journey-over-different-classifiers","1.78181409835815"
"milesmcbain-ttitanic-mm","0.638720035552979"
"milosv-titanic-data-visualization-sex-vs-pclass","0.506428003311157"
"mira5b-exploring-survival-on-the-titanic","24.5321598052979"
"misechko-predict-survival-on-the-titanic-title","4.11652588844299"
"mismael-titanic-1","0.788394927978516"
"mkgiitr-titanic-survival-prediction","24.2012741565704"
"ml210introstudent-ml210introstudenttitanic","1.60276198387146"
"mmaguero-titanic-majority-vote-of-ridge-rf-and-gbm","2.50428706804911"
"mnd1892-manav-titanic-r","0.256479024887085"
"mohankanni-exploring-survival-on-the-titanic","24.3265209197998"
"mohdazeemnitw-titanic","0.438316106796265"
"mohdbarakat-titanic-tragedy-survival-prediction-with-ml","0.500553846359253"
"mohitr-titanic-tragedy-exploratory-data-analysis","2.49566507339478"
"momentaj-titanic-randomforest-mice","24.0859007835388"
"monderwa-getting-0-81339-with-random-forest-on-titanic","0.184581995010376"
"monfilier-titanic-survival-prediction","4.93208694458008"
"monikapeteva-predictive-analysis-of-survival-rate-on-titanic","2.60194706916809"
"monikapeteva-who-all-survived-the-titanic-3b45d7","1.93299317359924"
"mothsailor-exploring-survival-on-the-titanic","4.91834211349487"
"mrisdal-exploring-survival-on-the-titanic","24.6541838645935"
"mrsheriff-exploring-survival-on-the-titanic","24.6540901660919"
"mrstepanovic-using-random-forests-to-identify-titanic-survivors","0.325496912002563"
"msantos68-exploring-survival-on-the-titanic","23.9488279819489"
"msmenegol-titanic-tutorial","0.0355198383331299"
"mtknowlt-exploring-survival-on-the-titanic","24.3777391910553"
"mukundkallapur-titanic-man-made-marvel-struck-by-nature-s-wrath","2.24835300445557"
"mullayilkannan-decision-tree-titanic","0.522516965866089"
"mullayilkannan-randomforest-with-knn-imputation-titanic","3.38458204269409"
"mumonobert-exploring-survival-on-the-titanic","0.183349847793579"
"mustafaabbs2-titanic","0.261219024658203"
"mustafaabbs2-titanic-must","0.183340072631836"
"mustfkeskin-titanic-xgboost","2.47959303855896"
"mwesthues-titanic-machine-learning-from-disaster","0.185564994812012"
"mwoolf-exploring-survival-on-the-titanic","0.625879049301147"
"myszkiewicz92-titanic-r","0.461399078369141"
"nadavatar-titanic","0.519402027130127"
"naini05-titanic-voyage-of-life","0.2573561668396"
"namluu-titanic","0.276476860046387"
"nandidevi-exploring-survival-on-the-titanic","24.5469818115234"
"naomi7-survival-on-the-titanic","24.558641910553"
"naresh31-titanic-machine-learning-from-disaster","1.94150900840759"
"narinder-titanic-survival-prediction","0.834115982055664"
"nashit93-titanic-kaggle","1.6628589630127"
"nashyegi-who-all-survived-the-titanic","1.93133497238159"
"natsu05-test-script-1-titanic","1.60190391540527"
"naveennafee-titanic-survival","4.24151802062988"
"nayakswati-exploring-survival-on-the-titanic","0.187121152877808"
"nchosqd-titanic-primer","0.452867031097412"
"ndineth100-titanic-machine-learning-from-disaster","0.57689094543457"
"neerajsomani4-titanic-survival-learning-by-raj","0.279040813446045"
"nefise-exploring-survival-on-the-titanic","24.6921010017395"
"neillwhite0-titanic-survival-prediction-with-r","10.2083539962769"
"nestorkrm-a-journey-through-titanic","0.190870046615601"
"netrajmejari-titanic-survival-prediction","0.840912818908691"
"neveldo-titanic-eda-predictions-attempt","45.9407680034637"
"newneter-titanic","0.905013084411621"
"nguyenhoduy-duy-titanic","0.670135974884033"
"nibedita84-my-first-kernel-titanic-survival-rate","5.48950386047363"
"nicholaskleong-exploring-survival-on-the-titanic","0.244102001190186"
"nickwong64-trial-random-forest-with-titanic-dataset","0.048069953918457"
"nidi3544141-simple-titanic-random-forest","2.41431093215942"
"niklasa-test1-titanic","0.331809997558594"
"nileshvarshney1-titanic-predict-survival","1.98636698722839"
"nimitshah-titanic","0.330348968505859"
"niranjan0272-titanic-kaggle","0.307475805282593"
"nirmalnk-titanic-firsttry","0.225364923477173"
"nishikantsinha59-titanic-survival-eda","3.1930570602417"
"nissimnabar-test-titanic","0.330528020858765"
"nithishthirmul-titanic-data-test1","0.374399900436401"
"nitinchan-titanic-ml-using-r","20.1296451091766"
"nitingulati-titanic-data-survival","0.274326801300049"
"nitinmukhija-predict-titanic-survivor","0.820047855377197"
"nitsbat-random-forest-on-titanic-problem","4.52174997329712"
"nitsbat-titanic-first-visualization-on-the-basis-of-title","4.19555807113647"
"nkummer-exploring-titanic-survival-rates","0.997668027877808"
"noahbjohnson-r-logistic-regression-titanic","0.452936887741089"
"nowanilfideme-titanic-first-kaggle-kernel","0.905976057052612"
"nozzo1-my-titanic-r-entry-2","8.56703400611877"
"nrajani-titanic-first-code","0.40359902381897"
"nrutyam-predictions-on-titanic","1.29500889778137"
"nshakhat-titanicfirststeps","0.73206901550293"
"nshrest-titanic-a-very-first-step-54f223","2.32728099822998"
"ntguardian-titanic-notebook","0.041888952255249"
"nulldata-understanding-dplyr-verbs-with-titanic-dataset","1.03788018226624"
"odujokod-exploring-survival-on-the-titanic","28.3508520126343"
"oeahrluyao-titanic-model","0.861433029174805"
"oindrilasen-what-if-i-had-boarded-titanic","1.92715787887573"
"oldflag-exploring-survival-on-the-titanic-inr-frommegan","27.8145680427551"
"onenonlykpro-titanic-attempt-v2","2.43537402153015"
"onenonlykpro-titanic-attempt-v3","2.31855082511902"
"orbanjan-exploring-survival-on-the-titanic-new","27.5028700828552"
"oreddo-exploring-survival-on-the-titanic","28.99658203125"
"outofthebox012-titanic-randomforest-starter-with-eda","1.54466795921326"
"overdose-titanic-basic-modelling","0.862740993499756"
"panda1023-svm-example-for-titanic","0.686197996139526"
"pandeydivesh16-a-journey-through-titanic","0.225629091262817"
"pantelisvlachas-exploring-survival-on-the-titanic","28.2649099826813"
"paras33-exploring-survival-on-the-titanic","0.2919762134552"
"partha8vijayan-titanic-disaster","2.71684694290161"
"parthchaudhary-titanic-submission","3.94144105911255"
"patilpravin-titanic-1","0.974178075790405"
"patkakou-titanic-challenge-r","0.213582992553711"
"patriciod-titanic-datalab","0.209588050842285"
"paulbisto-r-titanic-script-practice","3.0290641784668"
"paulocressoni-titanic-using-stepwise-linear-regression","0.956228971481323"
"pavani2018-titanicr-random-forests","1.36824703216553"
"pavanvavilapalli-c50-titanic-survivors-prediction","0.211954116821289"
"pcminers-exploring-survival-on-the-titanic","28.1647400856018"
"pcminers-titanic-survival","0.4096519947052"
"pcurry-startertitanic","0.690054178237915"
"pdxshark-first-titanic-analysis","0.317038059234619"
"pearlspho-predicting-survival-on-the-titanic","3.02763605117798"
"pearlspho-predicting-titanic-survival","0.326184988021851"
"pedroth-mytitanic","0.304440975189209"
"peggy88-titanic-data-eda-by-peggy","0.936344861984253"
"pengelinliu-exploring-survival-on-the-titanic-peng","28.409371137619"
"peopletrees-stan-on-the-titanic","2.14080405235291"
"pepperz-titanic-survival-analysis-using-r","1.36603498458862"
"petenice-titanickernel","3.79954481124878"
"petrodatatoenergy-exploring-survival-on-the-titanic","28.1665859222412"
"phoanghuong86-exploring-survival-on-the-titanic","28.5604250431061"
"phoenixzx6r-titanic","0.818243980407715"
"phubert-mackenzie-bigdata-titanic-knn","13.7797901630402"
"phubert-titanic-mackenzie-aula05","12.3481180667877"
"phubert-titanic-mackenzie-aula07","1.27848718166351"
"phubert-titanic-mackenzie-aula08","6.49689102172852"
"phubert-titanic-mackenzie-aula10","1.89333295822144"
"pippobaudos-test-r-script-on-titanic","0.0508589744567871"
"pitesatit-titanic","0.0418739318847656"
"pivanov-titanic-data-exploration","1.3396577835083"
"piyush246-titanic-survival-prediction","1.74963307380676"
"piyushjhamb-predicting-titanic-survival","1.12196636597315"
"pjacob-titanic-first-r","0.618296146392822"
"pjmcintyre-titanic-first-kernel","3.18493509292603"
"pliptor-optimal-titanic-for-gender-only-0-7655","1.16916394233704"
"pliptor-optimal-titanic-for-pclass-only-0-65550","1.20448613166809"
"pliptor-r-titanic","0.322061061859131"
"pmahendra132-exploring-survival-on-the-titanic","0.202950000762939"
"pmw9440-negative-binominal-regression-for-titanic","3.40669703483582"
"poojagulati-exploring-survival-on-the-titanic","0.219875812530518"
"poornimashanbhag-titanic-poo","0.328081846237183"
"popularmit-first-r-in-titanic","21.0731799602509"
"prabhulingayya-titanic-prediction-using-logistic-regression","0.344872951507568"
"prachimalusare-exploring-survival-on-the-titanic","28.412045955658"
"pradeeptripathi-prediction-of-titanic-survival-using-r","26.8095960617065"
"pradeeptripathi-prediction-of-titanic-survival-using-random-forest","26.6680390834808"
"pranavsid-analyzing-the-titanic-disaster","1.00487112998962"
"pranaytiwari-titanic-data-analysis-rf-prediction-0-81818","3.89899396896362"
"pranjal05-titanic-disaster-survivers","1.19589400291443"
"prasadsawant1107-predicting-survival-on-titanic","1.73822903633118"
"praveenprashant-titanic-newbie","0.4927978515625"
"predact-easy-r-titanic-predictive-model","2.6499490737915"
"preritsaxena-fork-of-ml-basics-on-titanic-data","3.78938913345337"
"preritsaxena-ml-basics-on-titanic-data","3.18908095359802"
"pri6242-titanic-prediction","1.27467203140259"
"priyankgupta86-a-journey-through-titanic","0.211550951004028"
"proj20-exploring-survival-on-the-titanic","28.3967878818512"
"psawant-a-journey-through-titanic","0.19943904876709"
"psystat-titanic-lightgbm-modeling-with-r","1.29910492897034"
"pyy0715-titanic-analysis-with-r-rf-xgb","18.8413841724396"
"pyy0715-titanic-data-analysis-with-r","9.45077300071716"
"qianbi-titanic-logistic","0.293961048126221"
"qianbi-titanic-logistic-2","3.8855938911438"
"qianbi-titanic-nnet","3.96976399421692"
"qianbi-titanic-randomforest","4.33166599273682"
"qianbi-titanic-rpart","0.55147910118103"
"qianbi-titanic-rpart-2","3.886390209198"
"qianbi-titanic-rpart-3","3.59496212005615"
"qianbi-titanic-svm","3.94583106040955"
"qianbi-titanic-voting","18.6092660427094"
"qianbi-titanic-voting-2","4.70238399505615"
"qinyuan210-titanic-case","0.704416990280151"
"qlzdq5688-titanic","0.504594087600708"
"quark6-1st-project-titanic","0.874496936798096"
"quark6-titanic-work","5.17745900154114"
"quentinalais-kerneltitanicquentin","0.549015998840332"
"r0zeabi-a-journey-through-titanic","0.215703964233398"
"rafaelmdourado-hello-titanic-programmers","1.49458193778992"
"raffeyhassan-titanic-data-test","1.29458212852478"
"raghamec-titanic-r-raghav","0.438767910003662"
"rah5ff-exploring-the-titanic-survival","0.0439050197601318"
"rahul169-titanic-prediction","1.92123985290527"
"rahulab-a-journey-through-titanic","0.212636947631836"
"rajasekara-titanic-survival-prediction","4.76148080825806"
"rajashri-titanic-r","1.40108585357666"
"rajiv1990-titanic-notebook","0.227888107299805"
"rajnikanth-titanic-data","0.369304895401001"
"rakesh2010-eedp-titanic-disaster-predict-passenger","0.391077995300293"
"rameshmalinda-exploring-survival-on-the-titanic","0.215720891952515"
"rameshmalinda-titanic-disaster-newcomer","0.825529098510742"
"ramkumarr02-titanic-dataset-random-forest-via-caret","0.20409107208252"
"ramoes-stepwise-logistic-regression-titanic-survival","2.28139209747314"
"ramoes-stewise-logistic-models-on-titanic-survival","2.14786696434021"
"ramyakoneru-titanic","0.278763771057129"
"ranaalisaeed-fitting-tree-pruned-rf-bagging-to-titanic","0.399274110794067"
"raquelspain-titanic-prediction-on-r","2.36749291419983"
"raubsaurier-titanic-notebook","0.0474691390991211"
"ravihela-titanic-survival","2.69797587394714"
"ravikaushik2372-titanic-prediction-thru-ml","0.572890996932983"
"ravikrishnareddy-titanic-survival-prediction","16.6994111537933"
"rayuga-exploring-survival-on-the-titanic","24.5542891025543"
"rbizoi-predict-survivors-of-titanic","6.97184300422668"
"rboimistruk-titanic-survivals-analysis","35.5296878814697"
"redfoongus-titanic-using-r-and-randomforest","0.777251005172729"
"redhorse93-r-titanic-data","7.47926688194275"
"redroy44-tidy-titanic-script","1.4328689177831"
"reemii-titanic","0.681931972503662"
"rejwus-exploring-survival-on-the-titanic","0.208615064620972"
"reneboy-sample-titanic-decision-tree","2.48958396911621"
"renegarxia-titanic-r","6.63848209381104"
"rennocks-titanicmodel","3.69896697998047"
"researchbigd-titanic-forkedfrommeganscript","28.695338010788"
"researchbigd-titanic-r-researchbigd","1.10070109367371"
"retrospectprospect-titanic-machine-learning-from-eda-to-xgb","6.75561499595642"
"revanchist95-titanic-a-learning-experience","3.37132906913757"
"revolution4all-titanic-machine-learning-from-disaster-2","0.40831995010376"
"revolution4all-titanic-machine-learning-from-disaster-3","1.08627915382385"
"rganapathy-titanic-exploring-passengers-profile","20.9001591205597"
"rhitamjeet-titanic-tutorial-eda-arm-ensemble-learning","2.60085797309875"
"rhyando-r-embulan-titanic","3.60536503791809"
"rhyando-r-embulan-titanic-notebook","2.77764320373535"
"richardbanh-titanic-notebook-1","0.65451717376709"
"richarlee-a-journey-through-titanic","0.19132399559021"
"riletti-titanic","0.554589986801147"
"rion778-titanic","1.50180411338806"
"riquebrandao-a-journey-through-titanic-51b7b0","0.204673051834106"
"rise3812-titanic-2-decision-tree","0.0392961502075195"
"rise3812-titanic-decision-tree-2","0.0379409790039062"
"rise3812-titanic-randomforest","0.035801887512207"
"rishabh1khurana-titanic-visualization","0.574687957763672"
"ritheshsb-titanic-first-dataset-on-kaggle","0.664207935333252"
"rivinwita-exploring-survival-on-the-titanic-test","28.3529717922211"
"rizo83-rense-s-titanic-kernell","0.798746109008789"
"rjhere23-predictive-analysis-of-survival-rate-on-titanic","2.75277304649353"
"rkapoor3-test-1-titanic","0.615939855575562"
"rkiselev-titanic-decision-tree","0.670088052749634"
"rkumar3147-exploring-survival-on-the-titanic1","30.5755660533905"
"rmenendezm-exploring-survival-on-the-titanic","27.6719288825989"
"robbertjan94-titanic-survival-competition","0.315060138702393"
"robertoharuo-titanic-random-forest","4.17904305458069"
"robsonfveiga-titanic","0.0477228164672852"
"rodericksd-dr-titanic-on-kaggle","0.268436193466187"
"rodericksd-dr-titanic-on-kaggle-8-28","0.277695894241333"
"rodericksd-dr-titanic-on-kaggle-9-1-2016","0.280597925186157"
"rodericksd-dr-titanic-on-kaggle-9-12-2016","2.72053503990173"
"rodericksd-dr-titanic-on-kaggle-9-13-2016","2.63790893554688"
"rodericksd-dr-titanic-on-kaggle-9-15-2016","2.40522313117981"
"rodericksd-dr-titanic-on-kaggle-9-15-2016-part-2","6.19361805915833"
"rodericksd-dr-titanic-on-kaggle-9-2-2016","2.08186292648315"
"rodericksd-dr-titanic-on-kaggle-9-5-2016","2.06466388702393"
"rodolpho27-desafio-titanic-em-naive-bayes","1.22597694396973"
"rogrezende-titanic-sinking-analysis","10.4832520484924"
"rogrezende-titanic-sinking-survival-analysis","0.295892953872681"
"rohanshingade803-titanic-machine-learning-1","0.256628036499023"
"rohit1996-titanic-1","0.360821008682251"
"rojre1979-exploring-survival-on-the-titanic","0.258055925369263"
"romabash-titanic-data-visualization","1.12733006477356"
"roman90-training-script-titanic","0.882965087890625"
"ronchi-project-titanic","14.9458470344543"
"rooshbald-titanic-exploration-and-logistic-regression","2.27495408058167"
"roryhny-fr-predictions-sur-le-titanic","36.4693350791931"
"rowanlaw-titanic-trial-20170305","0.738110065460205"
"rpalsaxena-titanic-eda","0.838825941085815"
"rskn1987-titanic-machine-learning-from-disaster-code","5.06746915181478"
"rtochtermann-titanic-data-exploration-with-r","0.0613460540771484"
"rtreit-kaggle-titanic-tutorial","37.1051700115204"
"ruaram-exploring-survival-on-the-titanic","0.998354911804199"
"ruthvikarepalle-titanic","0.684421062469482"
"rwhitcomb-titanic-r-test-project","0.98633599281311"
"ryantillis-how-to-survive-the-titanic-a-data-voyage","7.52263689041138"
"ryost20-titanic-submission","2.51604604721069"
"ryukojin-exploring-survival-on-the-titanic","27.7777800559998"
"sabrinahan-data-visualization-about-titanic-2","4.44560098648071"
"saganoky-titanic-script","1.95669794082642"
"sahilg-exploring-and-predicting-titanic-dataset","0.662170886993408"
"sajithdata-first-submission-titanic-copy-from-someone-else","1.31283688545227"
"salomao2005-titanic-new-view","1.28181763092677"
"samantha115-titanic-data-science-analysis","0.658700942993164"
"samilyak-titanic","0.480783939361572"
"sampadab17-titanic-survival-using-gbm","15.9674909114838"
"samuelh-barebones-titanic-logistic-regression-test","4.46237301826477"
"sandeepcrpunk-titanic-survival-prediction-r","0.482522010803223"
"sandeeppatra-titanic-disaster","0.210453987121582"
"sandraezidiegwu-exploratoryanalysis-prediction-titanic","1.61690402030945"
"sanjoybijoy-titanic-ml-prediction-using-randomforest","5.66020703315735"
"sanjuktamitra1208-titanic-data-preparation-and-model-building-in-r","0.228424072265625"
"saptarockz-titanic","0.33965802192688"
"saravrkrish89-titanic-dataset","0.0560071468353271"
"sarunaskas-titanic","0.336513996124268"
"satishbarnala-barntitanic","0.351935863494873"
"saulmb93-titanic-survival","0.732593059539795"
"sausen7-titanic-first-kernel","3.5112099647522"
"sawajid-titanic-test","0.266913175582886"
"sbeacon-firstkerneltitanic","0.59161901473999"
"schatt-titanictest","0.287504911422729"
"schristd-a-journey-through-titanic","0.19071888923645"
"scottdaniel-exploring-survival-on-the-titanic","23.6543180942535"
"scottdaniel-mice-and-caret-for-titanic-survival-prediction","1.81114292144775"
"scout16-titanic-disaster-in-r","0.65402889251709"
"sdaveds-exploring-survival-on-the-titanic","0.188305139541626"
"sdeepakc-exploring-survival-on-the-titanic","26.297070980072"
"seajaye-titanic-logistic-regression-0-78947","1.05115103721619"
"seanangio-predicting-titanic-survival","2.4557217001915"
"seongwan-titanic-by-wan","0.323718070983887"
"seshadrikolluri-predicting-survival-on-titanic","22.4297008514404"
"sgk284-exploring-survival-on-the-titanic","1.27637100219727"
"shanchuanruge-exploring-survival-on-the-titanic","26.6564269065857"
"shanmugamvallam-titanic-machine-learning-solutions","0.567813158035278"
"shansari25-exploring-survival-on-the-titanic","0.815088987350464"
"shapaglogeo-titanicwreck","0.309416055679321"
"shashaalam-exploring-the-titanic-dataset","0.935702085494995"
"shashank74-titanic-disaster-data-exploration-and-modelling","4.0891649723053"
"shashankkhare-titanic","0.814570903778076"
"shashankseth-basic-eda-and-ml-on-titanic-dataset","1.53606295585632"
"sheepishly-henry-titanic","0.286777973175049"
"sherrywangjy-titanic-machine-learning-from-disaster","2.81108498573303"
"shikharparashar-exploring-survival-on-the-titanic","27.585333108902"
"shindeprash96-titanic-exploration-and-visualization","1.31432700157166"
"shivam2190-exploring-titanic-data","0.196599006652832"
"shivong27-titanic","0.467520952224731"
"shradz18-exploring-survival-on-the-titanic","25.1903729438782"
"shreedevi-titanic-r-tutorial","12.5887360572815"
"shreyasbakre-titanic","0.72264289855957"
"shridhar1991-exploring-survival-on-the-titanic","27.0644569396973"
"shridhar1991-randomforest-implementation-of-titanic","0.566809177398682"
"shtkddud-sangtitanicdecision","0.435012817382812"
"shubham1-titanic","0.509971857070923"
"shubham1-titanic-sa","0.302304029464722"
"shubham15-titanic-prediction","0.366008996963501"
"shujiaohuang-titanic-r","0.297502040863037"
"sidbhargava-titanic-test","1.52018594741821"
"siddharthoza-sid-s-code-titanic","0.401705026626587"
"sidhere-exploring-survival-on-the-titanic","29.184042930603"
"sidv1993-titanic","0.818742036819458"
"simulacra-tidytitanic-with-h2o","2.67550587654114"
"sinbik-titanic1","0.502170085906982"
"sirjackshen-titanic-1","0.708084106445312"
"sivapallem-titanic","0.72701096534729"
"sivasateeshi-titanic1","43.2175300121307"
"sjkerr-exploring-the-titanic-data-set","2.8277370929718"
"skhawaja-titanic-disaster-survival-099","27.2206380367279"
"skrakesh5-test-titanic","0.469516038894653"
"skxsephiroth-runtitanicscript","0.302175998687744"
"slnadh-titanic-survival","0.298872947692871"
"smit072-titanic-initial-test","0.199058771133423"
"snayak88-titanic","0.30054497718811"
"sociopath00-sociopath-titanic","0.641988039016724"
"somtom-titanic-random-icebergs","1.84810416698456"
"sona58-titanic-using-r","56.739266872406"
"soumyadtps-demo-titanic1","0.317724943161011"
"souravstat-beginners-titanic","1.4841794013977"
"sousaplex-titanic-first-r","0.878073930740356"
"sriethig-firstkagglecompetition-titanic","0.329697132110596"
"srikanthnuka-titanic-not-all-family-specified-on-boarded","6.41437888145447"
"srikantjyrmn-titanic-survivor","25.8611571788788"
"srikarnamburu-exploring-survival-on-the-titanic","28.2853529453278"
"srinivasarajui-srini-s-r-based-titanic-solution","0.655020952224731"
"srinivasarajui-srini-s-r-titanic-solution","2.14763307571411"
"sriramv16-titanic","0.316544055938721"
"stark10war-titanic-survival-prediction-r-script","2.33646297454834"
"statinstilettos-titanic-survivals-random-forest","2.13203191757202"
"stevencahill-titanic-machine-learning-from-disaster","0.31154203414917"
"stevengolo-titanic-machine-learning-from-disaster","4.54597616195679"
"stevnkam-prediction-survivant-titanic-french-version","0.21101713180542"
"stevnkam-titanic-expliquee-en-fancais","0.772079944610596"
"sthomson-titanic-v1","0.643330812454224"
"stoppie-titanic-svm-model-accuracy-83","3.98535180091858"
"strangecoder69-titanicdoobi","0.324506998062134"
"sudheer464-prediction-1-on-titanic-dataset","0.272778987884521"
"sugiyaaan-titanic-moto","1.05614495277405"
"sumedhai26-titanic-project","0.403414011001587"
"suncor-titanic-logistic-regression","0.526419878005981"
"sunilmite-testtitanic","0.296901941299438"
"sunilmite-titanic-sample-analysis","0.325907230377197"
"sunnyzhehanzhu-titanic","0.911343097686768"
"supratik-titanic","0.342626810073853"
"supriya675-titanic-prediction-simplified-for-beginners","1.00336408615112"
"suraj915-titanic-suraj","0.750647068023682"
"surajit2017-surajit-2017-titanic-r","0.278568029403687"
"suribes-titanic-survive-analysis","1.78449702262878"
"suryamoitra-exploring-survival-on-the-titanic","0.210089921951294"
"sverkot-titanic-survival","0.290385007858276"
"swamysm-beginners-titanic","1.36638181606929"
"swap9047-titanic-analysis","0.698332071304321"
"swatishukla-exploring-survival-on-the-titanic","26.3826241493225"
"syleeie-jetbrain-day-kr-2018-titanic-prediction","3.23678302764893"
"sylphsangeeta-titanic","3.76778793334961"
"szweiwu-titanic-random-forest-vs-logistic-regression","0.439635992050171"
"tabouzid-exploring-survival-on-the-titanic","26.7597010135651"
"tadeucomp-titanic","0.824323892593384"
"taniagiri22-titanic-randomforestv1","0.87785005569458"
"tarcisob-predicting-titanic-survivals-initial-version","2.23560786247253"
"tavoosi-predicting-survival-on-the-titanic-with-rf-lr-nb","38.3951330184937"
"teeradol-r-titanic-predictive-modelling","0.652743101119995"
"tenesmus-exploring-survival-on-the-titanic","26.2276329994202"
"terfilip-titanic","5.35214495658875"
"terkelbo-r-kernel-titanic","0.880351066589355"
"tessacooper-exploring-survival-on-the-titanic","28.0278651714325"
"tessacooper-exploring-survival-on-the-titanic3","27.1074349880219"
"tetyama-trial-titanic","25.0747740268707"
"tetyanal-a-fresh-look-at-titanic","0.0396451950073242"
"th1460-titanic","0.46487283706665"
"thalesgaluchi-my-first-kernel-in-titanic","0.228679895401001"
"theexodiuss-titanic","0.649512052536011"
"thegandhi-titanic-practice","0.770384073257446"
"theraytracer-titanic-r","5.06904751857122"
"thilakshasilva-predicting-titanic-survival-using-five-algorithms","1.11279951731364"
"thilinapiyadasun-titanic-my","0.705493927001953"
"thilinapiyadasun-titanic-my-2","0.251367092132568"
"thinktheta-abctitanic1","0.290756940841675"
"thinktheta-abhinavtitanic1","0.284060001373291"
"thir13enth-mark-titanic","0.601325035095215"
"thoolihan-titanicedainr","0.0398900508880615"
"thyrland-tuto-titanic","0.0342581272125244"
"timothychenallen-titanic-r-randomforest","2.84382200241089"
"tinapai-predicting-titanic-survival","0.758726835250854"
"titaniclovesk-titanic-prediction","0.283726930618286"
"tjbaur-exploring-survival-on-the-titanic","24.656179189682"
"tnyont-who-survived-the-titanic-data-prep-and-analysis","1.27613997459412"
"tobiasdirksen-titanic-survivors","0.445020198822021"
"tobiasdirksen-titanic-test","0.312550067901611"
"tobybot11-toby-s-titanic-analysis","0.75134801864624"
"tomaszw-predictive-analysis-of-survival-rate-on-titanic","2.65818905830383"
"tomek87-titanic","0.291497945785522"
"tommyn94-predicting-survival-on-the-ms-titanic","1.64938616752625"
"tomorrowready-titanic-dd-1","0.26195216178894"
"tomsitek-titanic","0.292656898498535"
"tomwoudenberg-intro-titanic","0.29131007194519"
"tosnaldo10-titanic-challange","3.26396322250366"
"tracyb-titanic-randomforest","0.473069190979004"
"traumong-my-first-ml-titanic","5.06776033639908"
"traumong-my-first-practise-kaggle-titanic","6.54086184501648"
"traumong-my-first-practise-ml-titanic","7.9552800655365"
"traumong-my-first-step-in-ml-titanic-analysis","5.0657630999883"
"traumong-my-first-task-in-ml-predict-survival-in-titanic","0.266577959060669"
"traumong-my-first-task-ml-titanic","6.99594807624817"
"traumong-titanic-survey","0.787325143814087"
"trsekhar123-title-of-names-in-titanic-dataset","2.01315307617188"
"truenomad-titanic-predictive-analysis-of-survival-rate","1.70327496528625"
"trustmeimadoctor-titanic-script","0.311921834945679"
"trvrmgn-exploring-survival-on-the-titanic","27.9799897670746"
"tsfitz-titanic","2.41667604446411"
"tukichen-titanic-r-random-forest","1.88529801368713"
"turntrout-rudimentary-titanic-data-exploration","1.23799800872803"
"turntrout-titanic-data-exploration","0.976874113082886"
"tusharbajaj91-titanic-prediction-using-caret","2.36627388000488"
"tuxoff-titanic-test-322","0.476809978485107"
"ufocdy-a-journey-through-titanic","0.197641134262085"
"umranabdulla-titanic","0.291913032531738"
"uokoroafor1-titanic-learning-a-first-attempt","0.29967212677002"
"upperbounder-trial-with-titanic-data-on-kaggle","0.332386016845703"
"urbanvillager-sinking-with-titanic1","5.06566758553187"
"ushasri-titanic-2nd-degree-families-and-majority-voting","14.1496579647064"
"utkarsh1997-kaggle-titanic-rf","2.18018198013306"
"utsavbhargava-utsav-titanic","0.301393985748291"
"uvcelokesh-titanic-survivor-analysis-different-perspectives","3.57413101196289"
"vaibhav24-titanic","0.713735818862915"
"vaibhavsikka-titanic-disaster-my-first-submission","2.72865581512451"
"vannho-titanic","1.55209708213806"
"varimp-a-mostly-tidyverse-tour-of-the-titanic","2.80625009536743"
"vasuls-predictive-analysis-of-survival-rate-on-titanic","2.74064993858337"
"vaziry-script-titanic1","0.280606031417847"
"vedantpawar-titanic-are-you-ready-for-it","1.02315711975098"
"veerabhadrappa-exploring-titanic-data-using-r","0.599035978317261"
"venkadeshk-titanic-machine-learning-disaster","0.635555028915405"
"venkatalaxmi-titanic-r","0.918992042541504"
"venkatko-titanic-survival","0.761354923248291"
"venkatko-titanic-survival1","32.2269430160522"
"venkatramakrishnan-titanic-predictions-with-decision-tree","0.474772930145264"
"vibhasg-exploring-survival-on-the-titanic","32.2917349338531"
"vibinscat-exploring-survival-on-the-titanic","1.11814498901367"
"vickieip-titanic","0.63271689414978"
"victorgomes-eda-on-titanic","1.17405414581299"
"vihangpatil-first-model-on-titanic-dataset","42.1729860305786"
"vikas08-titanic","0.633871078491211"
"vikasdubey-titanic-survival-prediction","2.68022799491882"
"vikasht34-titanic-rf-prediction-0-81818","3.19834399223328"
"vikramatjob-exploring-survival-on-the-titanic-var1","26.1113312244415"
"vikramatjob-exploring-survival-on-the-titanic-var2","45.8718559741974"
"vikramatjob-exploring-survival-on-the-titanic-var3","2.97093415260315"
"vinayhp83-titanic-data-science-solutions","0.218175888061523"
"vincentlugat-titanic-data-analysis-rf-prediction-0-81818","3.42411994934082"
"vinchan-titanic-r","0.83722710609436"
"vinicius35-titanic-random-forest-r-with-h2o","0.214756011962891"
"vinik62-titanic-pblm","0.495946884155273"
"vinylasphalt-titanic-test","0.327084064483643"
"viraltank-the-titanic","5.06745049953461"
"virgodata-exploring-survival-on-the-titanic","28.5617828369141"
"virinchi4-titanic-analysis","0.490977048873901"
"vishaljc77-titanic-learn","0.323606967926025"
"vishaljindal0-titanic-r-code","5.76865291595459"
"vishnusaiv-titanic-data-analysis","1.39934420585632"
"vishy730-titanic","0.299834966659546"
"vizcharlie-exploring-survival-on-the-titanic","29.768620967865"
"vladtasca-titanic-random-forest-80","0.534313201904297"
"vranovaz-titanic","0.564121961593628"
"vrkhare-a-journey-through-titanic-e2bae8f5","0.199223041534424"
"vyordanov-titanic-disaster-logistic-regression-0-7655","3.87580299377441"
"wafabenaissa-titanic-data-science-solutions","0.203420877456665"
"waithira-titanic-analysis-with-r","2.84010577201843"
"waiyujack-titanic-random-search-in-r","1.36246229807536"
"wallone-sample-titanic","0.516679048538208"
"walterblair-titanic-learnin","0.0403189659118652"
"wangjue444-exploring-survival-on-the-titanic","0.545630931854248"
"warrenelder-titanic-survival-prediction","2.01826500892639"
"wassimben-will-the-titanic-passengers-survive","2.32409501075745"
"waypointgroup-fill-in-missing-age-data-in-titanic-data-set","2.86767601966858"
"wellingtonfsouza-modelagem-titanic-com-r","0.47450590133667"
"wendyzhang1020-exploring-survival-on-the-titanic","26.3408489227295"
"windowbyryeol-kernel-titanic","19.9503271579742"
"wjsutton-exploring-surviving-the-titanic","5.05674982070923"
"wogarch-wogarch-titanic","0.822968006134033"
"wolfcastle21-titanictest","0.0412070751190186"
"woliveira-hello-titanic","1.41091799736023"
"wongalan2002-titanic-with-neural-network","8.04981207847595"
"wongseza-my-titanic","0.910427093505859"
"wtjw1993-predicting-survival-on-the-titanic","1.47158999840418"
"xahidx-scripttest-titanic","0.606678009033203"
"xahidx-testtitanic","0.259123086929321"
"xenots-titanic-pred-r","0.500292062759399"
"xfzhang1030-a-journey-through-titanic","0.191242933273315"
"xinqing100-a-journey-through-titanic","0.190476894378662"
"xliang-titanic-survival-prediction","2.55652054945628"
"xpanchito380-titanic-disaster","0.455034971237183"
"xuhuiz0918-initial-eda-and-lm-on-titanic-dataset","1.80184006690979"
"xxxmatxxx-titanic-getting-started-with-randomforest","25.0112309455872"
"xxxw567-nemotitanic","0.566190004348755"
"xzvtt0611-exploring-survival-on-the-titanic","1.03536081314087"
"yangfantrinity-logistic-regression-model-for-titanic","0.039060115814209"
"yangfantrinity-titanic","0.574609994888306"
"yashgaurkar-titanic-survival-prediction","0.276247024536133"
"yashgaurkar-titanic-survival-story","0.280511856079102"
"yatingxu-yating-titanic-rf","0.804498195648193"
"yinpatt-patrick-s-titanic","1.2261049747467"
"yizhouwang-exploring-survival-on-the-titanic","27.5275411605835"
"ymemari-titanic","0.655355215072632"
"yoanbid-titanic-survival-prediction-model","4.58265495300293"
"youhe2482-titanic-a-very-first-step","2.31431198120117"
"youyifong-titanic-dl","1.06066393852234"
"yuanwxu-exploring-survival-on-the-titanic","25.6487650871277"
"yugrao-exploring-survival-on-the-titanic","24.6107130050659"
"yugrao-titanic","0.642472982406616"
"yugrao-titanic-n","25.4582939147949"
"yugrao-titanic2","0.513392925262451"
"yushui-titanic-notebook","0.659898042678833"
"yyvess-titanic-exploring-passengers-profile","19.7886960506439"
"z888888861-exploring-survival-on-the-titanic","25.0590281486511"
"zachgo-titanic-submission1","24.8740270137787"
"zahoorahmad-titanic-2nd-degree-families-and-majority-voting","14.2753469944"
"zahraatashgahy-r-titanic-1","0.328724145889282"
"zak1729-test-titanic","0.647604942321777"
"zakhumalo-fork-of-titanic-problem-attempt-1","1.07886600494385"
"zardabab-titanic","0.397006034851074"
"zerafachris-titanic-r","0.976442813873291"
"zhangyan0623-titanic-analysis","4.10331296920776"
"zhaotianjing-titanic","0.280956029891968"
"zhaotianjing-titanic-v2","0.316668033599854"
"zhengzhishui-titanic","0.313210010528564"
"zhxiangxyang-titanic","1.08936905860901"
"zossimov-exploring-survival-on-the-titanic","0.55449390411377"
"zrafiws-predictive-analysis-of-survival-rate-on-titanic","1.96946907043457"
"zsarahz-titanic-analysis","0.296836137771606"
"ztem11011-ztemtitanic","0.621784925460815"
"ztem11011-ztemtitanic-1","4.22513699531555"
